"Time (s)","X (m/s2)","Y (m/s2)","Z (m/s2)"
-3.424999959E-4,9.565109253E-2,-9.820178833E0,-1.736389160E-1
9.619500001E-3,8.023315430E-2,-9.814041595E0,-2.224374390E-1
1.958150000E-2,5.224136353E-2,-9.830806732E0,-2.158511353E-1
2.954250000E-2,2.874023438E-2,-9.839039612E0,-2.228865051E-1
3.950450000E-2,3.442840576E-3,-9.805958405E0,-2.444416809E-1
4.946650000E-2,-1.930984497E-2,-9.777218170E0,-2.493814087E-1
5.942750000E-2,-2.484832764E-2,-9.810748444E0,-3.170407104E-1
6.938950000E-2,-2.035766602E-2,-9.835746460E0,-3.685336304E-1
7.935150000E-2,1.736389160E-2,-9.843230896E0,-3.507206726E-1
8.931250000E-2,6.780899048E-2,-9.822274475E0,-2.975811768E-1
9.927450000E-2,1.222956848E-1,-9.831555176E0,-2.478845215E-1
1.092357917E-1,1.577719116E-1,-9.844877472E0,-1.710942078E-1
1.191967917E-1,1.818717957E-1,-9.820927277E0,-7.110214233E-2
1.291587917E-1,1.850152588E-1,-9.789193268E0,2.963836670E-2
1.391207917E-1,1.658551025E-1,-9.760003967E0,1.001417542E-1
1.490817917E-1,1.152603149E-1,-9.735005951E0,1.683998108E-1
1.590437917E-1,5.673202515E-2,-9.709409180E0,1.803749084E-1
1.690057917E-1,-2.095642090E-2,-9.732461243E0,1.396595764E-1
1.789677917E-1,-4.565505981E-2,-9.823322296E0,1.305285645E-1
1.889287917E-1,-1.005908203E-1,-9.893825684E0,1.056802368E-1
1.988907917E-1,-1.251397705E-1,-9.907896423E0,9.490264893E-2
2.088527917E-1,-1.097218323E-1,-9.863887939E0,6.900650024E-2
2.188137917E-1,-1.133143616E-1,-9.766290894E0,4.385879517E-2
2.287757917E-1,-8.846603394E-2,-9.721983032E0,1.496887207E-2
2.387377917E-1,-6.646179199E-2,-9.751022644E0,-2.230361938E-2
2.486987917E-1,-1.945953369E-3,-9.817035370E0,-4.879852295E-2
2.586607917E-1,5.164260864E-2,-9.870474243E0,8.232879639E-3
2.686227917E-1,1.613644409E-1,-9.890083466E0,4.984634399E-2
2.785837917E-1,2.716850281E-1,-9.907746735E0,2.859054565E-2
2.885457917E-1,3.564088440E-1,-9.889784088E0,-5.328918457E-2
2.985077917E-1,3.739224243E-1,-9.838590546E0,-4.655319214E-2
3.084687917E-1,3.182382202E-1,-9.800719299E0,5.343887329E-2
3.184307917E-1,2.779719543E-1,-9.788744202E0,1.540296936E-1
3.283927917E-1,2.496807861E-1,-9.810299377E0,1.579216003E-1
3.383547917E-1,2.820135498E-1,-9.818981323E0,4.161346436E-2
3.483157917E-1,3.372486877E-1,-9.821076965E0,-9.250762939E-2
3.582777917E-1,2.742297363E-1,-9.716594238E0,-1.194515991E-1
3.682397917E-1,1.163081360E-1,-9.604327698E0,-8.217910767E-2
3.782007917E-1,-3.367996216E-2,-9.581575012E0,-1.851649475E-1
3.881627917E-1,-1.537303162E-1,-9.654772797E0,-4.411326599E-1
3.981247917E-1,-2.483335876E-1,-9.756710815E0,-7.547305298E-1
4.080857917E-1,-4.070036316E-1,-9.830357666E0,-1.160536652E0
4.180477917E-1,-5.757028198E-1,-9.868079224E0,-1.622775421E0
4.280097917E-1,-6.725514221E-1,-9.824070740E0,-1.994003448E0
4.379707917E-1,-7.702981567E-1,-9.636061707E0,-2.171384583E0
4.479327917E-1,-8.189469910E-1,-9.277108154E0,-2.160906372E0
4.578947917E-1,-6.941065979E-1,-8.918304291E0,-1.828447723E0
4.678557917E-1,-4.803511047E-1,-8.412655792E0,-1.283431091E0
4.778177917E-1,-3.580554199E-1,-8.002808075E0,-1.107097778E0
4.877797917E-1,-1.695973206E-1,-7.736362152E0,-1.428180084E0
4.977417917E-1,-1.127156067E-1,-7.608228607E0,-2.051034851E0
5.077027917E-1,-2.424957275E-2,-7.512278137E0,-2.456391907E0
5.176647917E-1,1.499880981E-1,-7.242688751E0,-2.309098206E0
5.276267917E-1,3.546125793E-1,-6.867269440E0,-1.734892273E0
5.375877917E-1,5.057981873E-1,-6.571035461E0,-1.408570862E0
5.475497917E-1,6.902146912E-1,-6.256090393E0,-1.621278534E0
5.575117917E-1,7.292834473E-1,-5.809868317E0,-2.173779602E0
5.674727917E-1,7.955955505E-1,-5.449118500E0,-2.249222717E0
5.774347917E-1,1.014290771E0,-5.246439972E0,-1.722468109E0
5.873967917E-1,1.066532135E0,-5.087470551E0,-1.276246033E0
5.973577917E-1,6.848258972E-1,-5.177882538E0,-1.264270935E0
6.073197917E-1,3.218307495E-2,-5.777834930E0,-1.975442047E0
6.172817917E-1,-2.442919922E-1,-6.774462433E0,-2.627037048E0
6.272427917E-1,-3.873944092E-1,-7.614216156E0,-2.940485229E0
6.372047917E-1,-5.149291992E-1,-7.879015503E0,-3.004252625E0
6.471667917E-1,-2.770738220E-1,-7.934999084E0,-2.681074677E0
6.571287917E-1,8.981323242E-3,-8.204139404E0,-2.438728638E0
6.670897917E-1,1.847158813E-1,-8.547675018E0,-2.209704895E0
6.770517917E-1,9.265731812E-2,-9.501042480E0,-2.947370911E0
6.870137917E-1,-1.932481384E-1,-1.105017105E1,-5.184319153E0
6.969747917E-1,-3.376977539E-1,-1.265034348E1,-6.215674438E0
7.069367917E-1,-2.511776733E-1,-1.350880829E1,-5.772296448E0
7.168987917E-1,-5.511538696E-1,-1.356988129E1,-5.090614014E0
7.268597917E-1,-9.409432983E-1,-1.361912888E1,-5.089715881E0
7.368217917E-1,-1.012195129E0,-1.404798706E1,-6.174060974E0
7.467837917E-1,-1.523831177E-1,-1.466036362E1,-6.852300568E0
7.567447917E-1,1.307530975E0,-1.521750504E1,-6.512806549E0
7.667067917E-1,2.496059418E0,-1.587568634E1,-6.939868469E0
7.766687917E-1,2.745590515E0,-1.668295761E1,-6.686744843E0
7.866307917E-1,2.304158478E0,-1.767704041E1,-6.374194794E0
7.965917917E-1,1.713636475E0,-1.869686966E1,-6.803951111E0
8.065537917E-1,1.002465363E0,-1.958557159E1,-7.517966309E0
8.165157917E-1,-5.763015747E-2,-2.052232361E1,-7.695796509E0
8.264767917E-1,-1.399439850E0,-2.119083344E1,-7.081324310E0
8.364387917E-1,-2.445764008E0,-2.126642624E1,-6.604715424E0
8.464007917E-1,-2.983296204E0,-2.043146255E1,-5.759123840E0
8.563617917E-1,-3.000360718E0,-1.919997345E1,-5.138514404E0
8.663237917E-1,-2.884501648E0,-1.827998657E1,-4.872517548E0
8.762857917E-1,-2.609224091E0,-1.743858627E1,-4.456532593E0
8.862467917E-1,-2.045795746E0,-1.668490356E1,-4.199067993E0
8.962087917E-1,-1.127455444E0,-1.566776871E1,-3.767964478E0
9.061707917E-1,-2.963836670E-2,-1.428629150E1,-3.624412994E0
9.161327917E-1,5.843847656E-1,-1.292756699E1,-3.411705322E0
9.260937917E-1,1.100361786E0,-1.102113144E1,-2.909948730E0
9.360557917E-1,1.450034637E0,-8.865015106E0,-2.465522919E0
9.460177917E-1,1.578168182E0,-6.752458191E0,-2.398462372E0
9.559787917E-1,1.652563477E0,-4.687801666E0,-2.719095612E0
9.659407917E-1,1.627864838E0,-2.797083435E0,-3.229683838E0
9.759027917E-1,1.696422272E0,-1.341210938E0,-2.954555969E0
9.858637917E-1,1.581611023E0,-4.643344116E-1,-1.622925110E0
9.958257917E-1,1.169368286E0,-3.143463135E-2,-2.278262329E-1
1.005787792E0,6.574328613E-1,1.975891113E-1,5.948629761E-1
1.015749792E0,2.216889954E-1,3.472778320E-1,1.126407623E0
1.025710792E0,-2.802172852E-1,2.923420715E-1,1.465602264E0
1.035672792E0,-5.418731689E-1,2.553689575E-1,1.470991058E0
1.045634792E0,-5.828878784E-1,2.282752991E-1,1.150357819E0
1.055595792E0,-5.207670593E-1,2.185455322E-1,8.228388977E-1
1.065557792E0,-5.041516113E-1,1.924996948E-1,5.147795105E-1
1.075519792E0,-5.429209900E-1,2.206411743E-1,1.948947144E-1
1.085480792E0,-7.896080017E-1,3.164419556E-1,-3.156935120E-1
1.095442792E0,-1.148262177E0,3.736230469E-1,-1.244362335E0
1.105404792E0,-1.413211212E0,3.891906738E-1,-2.326761475E0
1.115366167E0,-1.278641052E0,2.200424194E-1,-2.900069275E0
1.125328167E0,-8.105644226E-1,-1.152603149E-2,-2.582130432E0
1.135290167E0,-1.618135071E-1,-9.160949707E-2,-1.526675262E0
1.145252167E0,5.203179932E-1,3.861968994E-2,-1.761836243E-1
1.155213167E0,1.001417542E0,3.040177917E-1,1.047371979E0
1.165175167E0,6.994953918E-1,4.743635559E-1,1.590143280E0
1.175137167E0,2.185455322E-1,4.082011414E-1,1.582209778E0
1.185098167E0,9.250762939E-2,2.507286072E-1,1.499282227E0
1.195060167E0,2.249821472E-1,-5.987548828E-4,1.365759888E0
1.205022167E0,1.809736633E-1,-3.918850708E-1,1.154848480E0
1.214983167E0,2.508782959E-1,-6.676116943E-1,2.511776733E-1
1.224945167E0,1.411115570E0,-2.653831329E0,-6.565496979E0
1.234907167E0,2.330503693E0,-5.884113922E0,-1.091560089E1
1.244868167E0,2.339784393E0,-7.512727203E0,-4.827012177E0
1.254830167E0,2.211052094E0,-1.075902649E1,-1.515298920E0
1.264792167E0,1.753453674E0,-1.692665085E1,4.174818420E-1
1.274754167E0,9.280700684E-3,-2.370814865E1,-4.048481140E0
1.284715167E0,-3.421135712E0,-2.970213409E1,-1.945653992E1
1.294677167E0,-2.189047852E0,-3.129467239E1,-2.189616669E1
1.304639167E0,9.336085510E-1,-2.424418396E1,-8.014034729E0
1.314600167E0,-6.246510315E-1,-1.380354538E1,-9.822573853E-1
1.324562167E0,-1.781146088E0,-9.413175201E0,-1.316961365E0
1.334524167E0,-9.403445435E-1,-7.877069550E0,-2.560874634E0
1.344485167E0,5.839356995E-1,-8.844956818E0,-4.518653412E0
1.354447167E0,3.672912140E0,-1.224783051E1,-6.248007202E0
1.364409167E0,6.246660004E0,-1.502874756E1,-5.478756866E0
1.374371167E0,6.395450592E0,-1.707858490E1,-4.264481964E0
1.384332167E0,4.405339050E0,-1.849748428E1,-7.476352844E0
1.394294167E0,1.590891724E0,-1.970352631E1,-1.582194809E1
1.404256167E0,-4.454736328E-1,-2.099309464E1,-1.692171112E1
1.414217167E0,-1.554816742E0,-2.084849533E1,-9.858499146E0
1.424179167E0,-2.903811493E0,-1.835722595E1,-5.588329010E0
1.434141167E0,-3.386707306E0,-1.544847473E1,-5.384452972E0
1.444102167E0,-2.241289215E0,-1.362032639E1,-5.323829041E0
1.454064167E0,-4.682263184E-1,-1.330493225E1,-4.866679688E0
1.464026167E0,1.372795258E0,-1.464988541E1,-5.321883087E0
1.473987167E0,2.398761749E0,-1.637789200E1,-4.735851746E0
1.483949167E0,3.180885315E0,-1.787238419E1,-4.591551819E0
1.493911167E0,3.919599152E0,-1.884296585E1,-5.554199982E0
1.503873167E0,3.414549408E0,-1.954350906E1,-5.436993713E0
1.513834167E0,2.299218750E0,-2.004960663E1,-4.194427643E0
1.523796167E0,2.045945435E0,-1.987941055E1,-4.155807953E0
1.533758167E0,1.851799164E0,-1.933708832E1,-3.637884979E0
1.543719167E0,1.848655701E0,-1.829241074E1,-3.253334656E0
1.553681167E0,2.067799988E0,-1.675585602E1,-2.879861298E0
1.563643167E0,2.014361115E0,-1.463386871E1,-2.768492889E0
1.573604167E0,1.851499786E0,-1.232626740E1,-3.042273560E0
1.583566167E0,1.623823242E0,-1.023317001E1,-3.466491394E0
1.593528167E0,1.638941803E0,-8.412506104E0,-3.815116425E0
1.603489167E0,1.465751953E0,-6.665788422E0,-3.813619537E0
1.613451167E0,1.030606842E0,-4.758005676E0,-3.645219727E0
1.623413167E0,5.123844910E-1,-2.821632385E0,-3.437601471E0
1.633375167E0,2.644999695E-1,-1.087189178E0,-2.987188110E0
1.643336167E0,1.950444031E-1,3.487747192E-2,-2.009870453E0
1.653298167E0,8.128097534E-2,6.077362061E-1,-9.738748169E-1
1.663260167E0,-2.552192688E-1,7.809260559E-1,-3.082090759E-1
1.673221167E0,-5.379812622E-1,8.074209595E-1,2.125579834E-1
1.683183167E0,-7.632627869E-1,6.956034851E-1,6.294410706E-1
1.693145167E0,-9.389973450E-1,5.393284607E-1,8.427474976E-1
1.703106167E0,-1.060544586E0,3.674858093E-1,7.806266785E-1
1.713068167E0,-1.096020813E0,2.725831604E-1,3.808081055E-1
1.723030167E0,-1.068178711E0,2.279759216E-1,-4.917274475E-1
1.732991167E0,-1.441652069E0,4.439767456E-1,-4.362977142E0
1.742953167E0,-1.253643036E0,7.649093628E-1,-6.494843903E0
1.752915167E0,5.598358154E-2,8.403524780E-1,-5.272635498E0
1.762877167E0,1.156195679E0,7.223977661E-1,-2.792143707E0
1.772838167E0,9.391470337E-1,4.834945679E-1,-3.911366272E-1
1.782800167E0,-1.333726501E-1,-1.173559570E-1,4.767585754E-1
1.792762167E0,-8.315208435E-1,-6.957531738E-1,1.008153534E0
1.802723167E0,-6.101312256E-1,-7.828720093E-1,1.494043121E0
1.812685167E0,-4.134402466E-1,-6.668632507E-1,1.279539185E0
1.822647167E0,-3.522175598E-1,-5.306465149E-1,7.153623962E-1
1.832608167E0,-2.127076721E-1,-3.987707520E-1,3.728746033E-1
1.842570167E0,3.442840576E-3,-3.299139404E-1,2.639012146E-1
1.852532167E0,1.794767761E-1,-2.930905151E-1,2.567161560E-1
1.862493167E0,2.408491516E-1,-2.604583740E-1,3.367996216E-1
1.872455167E0,2.923420715E-1,-2.740800476E-1,4.460723877E-1
1.882417167E0,3.077600098E-1,-2.776725769E-1,4.499642944E-1
1.892379167E0,3.423381042E-1,-3.228785706E-1,3.968247986E-1
1.902340167E0,4.935237122E-1,-6.746470642E-1,3.646417236E-1
1.912302167E0,1.317111053E0,-2.869083710E0,-2.889291687E0
1.922264167E0,3.191363525E0,-1.120315292E1,-2.161909286E1
1.932225167E0,3.645219727E0,-1.625784164E1,-1.275946655E1
1.942187167E0,8.752299500E-1,-1.689401871E1,6.081553345E0
1.952149167E0,-2.660866699E0,-1.913141602E1,7.427853699E0
1.962110167E0,-2.743195496E0,-2.087513992E1,4.173022156E0
1.972072167E0,-9.174421692E-1,-2.208073288E1,-7.077133026E0
1.982034167E0,-5.370831299E-1,-2.111868347E1,-1.709594879E1
1.991995167E0,2.266287231E-1,-2.085717728E1,-1.418974228E1
2.001957167E0,7.054829407E-1,-2.183659058E1,-1.716181183E1
2.011919167E0,1.357377319E0,-2.140773239E1,-1.225172241E1
2.021881167E0,1.852098541E0,-1.850436996E1,-5.011877747E0
2.031842167E0,5.876779175E-1,-1.468102066E1,-4.092938690E0
2.041804167E0,-1.015937347E0,-1.181014069E1,-8.126450958E0
2.051766167E0,-9.512718201E-1,-1.023227188E1,-8.351582794E0
2.061727167E0,-1.517394562E0,-1.078492264E1,-6.583908691E0
2.071689167E0,-8.412506104E-2,-1.288700134E1,-7.078929291E0
2.081651167E0,1.920805664E0,-1.569770645E1,-7.390281830E0
2.091612167E0,2.363285522E0,-1.767748947E1,-7.295977936E0
2.101574167E0,1.761536865E0,-1.830693054E1,-7.179520111E0
2.111536500E0,1.161883850E0,-1.775278290E1,-7.206613770E0
2.121497500E0,1.119671631E0,-1.677950684E1,-6.167474670E0
2.131459500E0,1.114282837E0,-1.626457764E1,-5.295687561E0
2.141421500E0,8.827143860E-1,-1.652039566E1,-6.472989349E0
2.151383500E0,3.535647583E-1,-1.735146744E1,-6.532864838E0
2.161344500E0,2.993774414E-2,-1.784259613E1,-5.705086212E0
2.171306500E0,2.573149109E-1,-1.785172714E1,-6.070027313E0
2.181268500E0,6.038442993E-1,-1.768377640E1,-6.076314240E0
2.191229500E0,9.795629883E-1,-1.746822464E1,-6.155349884E0
2.201191500E0,1.208736420E0,-1.749082764E1,-6.582561493E0
2.211153500E0,1.150208130E0,-1.771865387E1,-6.779252472E0
2.221114500E0,8.159532166E-1,-1.778960632E1,-6.865473175E0
2.231076500E0,1.224453735E-1,-1.775562698E1,-6.236331482E0
2.241038500E0,-5.405259705E-1,-1.739128464E1,-5.613177338E0
2.250999500E0,-9.572593689E-1,-1.623179581E1,-5.001100159E0
2.260961500E0,-9.891430664E-1,-1.434182602E1,-4.416416016E0
2.270923500E0,-5.854325867E-1,-1.216460358E1,-4.048481140E0
2.280885500E0,-1.924996948E-1,-1.002674927E1,-3.532504120E0
2.290846500E0,-1.230441284E-1,-8.090825043E0,-2.592159576E0
2.300808500E0,2.300715637E-1,-6.043382721E0,-2.112706604E0
2.310770500E0,8.057743835E-1,-4.386178894E0,-2.487676849E0
2.320731500E0,1.196911011E0,-3.142864380E0,-2.735561371E0
2.330693500E0,1.044378204E0,-2.137704620E0,-2.221979370E0
2.340655500E0,6.682104492E-1,-1.321751404E0,-1.111887817E0
2.350616500E0,3.029699707E-1,-7.909552002E-1,-5.613327026E-2
2.360578500E0,1.833686829E-1,-3.942800903E-1,4.150868225E-1
2.370540500E0,1.953437805E-1,-1.083746338E-1,4.061054993E-1
2.380501500E0,2.911445618E-1,9.654922485E-2,3.682342529E-1
2.390463500E0,2.981799316E-1,2.263293457E-1,3.558100891E-1
2.400425500E0,1.736389160E-1,2.242337036E-1,3.129991150E-1
2.410387500E0,5.688171387E-2,1.871109009E-1,2.136058044E-1
2.420348500E0,-1.047821045E-3,1.796264648E-1,3.772155762E-2
2.430310500E0,-6.915618896E-2,1.910028076E-1,-1.841171265E-1
2.440272500E0,-2.715353394E-1,4.405339050E-1,-1.370699615E0
2.450233500E0,-3.870950317E-1,9.114546204E-1,-3.209475861E0
2.460195500E0,-3.403921509E-1,8.044271851E-1,-2.124532013E0
2.470157500E0,-4.168830872E-1,4.553530884E-1,-3.367996216E-1
2.480118500E0,-3.297642517E-1,2.980302429E-1,3.065625000E-1
2.490080500E0,3.817062378E-2,2.276765442E-1,3.159928894E-1
2.500042500E0,3.692820740E-1,1.240919495E-1,9.280700684E-3
2.510003500E0,7.349716187E-1,6.721023560E-2,-6.891668701E-1
2.519965500E0,1.551822968E0,9.565109253E-2,-2.244732056E0
2.529927500E0,2.606978760E0,7.229965210E-2,-3.753145294E0
2.539889500E0,3.331771545E0,7.933502197E-3,-4.238286438E0
2.549850500E0,3.701652374E0,-1.752854919E-1,-4.120631104E0
2.559812500E0,3.423680420E0,-6.408174133E-1,-3.645219727E0
2.569774500E0,1.581012268E0,-1.301842804E0,-2.285148010E0
2.579735500E0,-5.803431702E-1,-1.452729034E0,2.253414001E0
2.589697500E0,-1.640887756E0,-1.632355499E0,5.028193817E0
2.599659500E0,-1.134191437E0,-2.423610077E0,3.239263916E0
2.609620500E0,-1.036145325E0,-3.163072357E0,1.223854980E0
2.619582500E0,-2.436932373E0,-6.941065979E0,-7.711962891E0
2.629544500E0,-2.598446503E0,-1.327753922E1,-1.228884521E1
2.639506500E0,7.179071045E-1,-1.835932159E1,-2.961142273E0
2.649467500E0,3.922293549E0,-2.097662888E1,-1.781295776E0
2.659429500E0,5.964197388E0,-2.016441788E1,-4.498595123E0
2.669391500E0,3.959715729E0,-1.943483505E1,-1.053868469E1
2.679352500E0,1.140628052E-1,-1.863699417E1,-1.391641068E1
2.689314500E0,4.165837097E-1,-1.700194427E1,-8.070617065E0
2.699276500E0,2.649340668E0,-1.520807465E1,-3.046165466E0
2.709237500E0,3.200793915E0,-1.462833023E1,-4.947810974E0
2.719199500E0,2.537223816E0,-1.311886917E1,-6.982829132E0
2.729161500E0,1.573827209E0,-1.040456360E1,-5.573809204E0
2.739122500E0,9.313632202E-1,-8.813821564E0,-4.676275635E0
2.749084500E0,1.432820435E0,-8.790769501E0,-4.434678040E0
2.759046500E0,2.019600220E0,-1.048120422E1,-8.264763336E0
2.769008500E0,1.372495880E0,-1.361508728E1,-1.316317703E1
2.778969500E0,2.198927307E-1,-1.657278671E1,-1.232671646E1
2.788931500E0,3.210823059E-1,-1.781520309E1,-8.987310791E0
2.798893500E0,1.304537201E0,-1.758228745E1,-8.206833801E0
2.808854500E0,2.129471741E0,-1.636172562E1,-7.841743011E0
2.818816500E0,1.476379852E0,-1.435050797E1,-6.500981140E0
2.828778500E0,8.125103760E-1,-1.281051041E1,-5.108576660E0
2.838739500E0,9.241781616E-1,-1.241039246E1,-4.556824036E0
2.848701500E0,1.258582764E0,-1.292756699E1,-5.421875153E0
2.858663500E0,2.279609528E0,-1.419632858E1,-5.872138824E0
2.868624500E0,3.597169647E0,-1.542811707E1,-6.196214905E0
2.878586500E0,4.775369568E0,-1.608749588E1,-7.843389587E0
2.888548500E0,4.967719574E0,-1.603435638E1,-7.390730896E0
2.898509500E0,4.520898743E0,-1.554217987E1,-6.235283661E0
2.908471500E0,3.936513977E0,-1.528172150E1,-5.905070343E0
2.918433500E0,3.119962006E0,-1.552930664E1,-6.464606781E0
2.928395500E0,2.151925049E0,-1.632744690E1,-7.293433228E0
2.938356500E0,1.270557861E0,-1.746253647E1,-6.771318970E0
2.948318500E0,5.891748047E-1,-1.843850693E1,-6.220913544E0
2.958280500E0,1.890568542E-1,-1.895358582E1,-5.497917023E0
2.968241500E0,1.107696533E-1,-1.898112854E1,-4.911436615E0
2.978203500E0,3.775149536E-1,-1.859448257E1,-4.263134766E0
2.988165500E0,9.925859070E-1,-1.785831345E1,-4.044738922E0
2.998126500E0,1.353186035E0,-1.666619247E1,-4.641098785E0
3.008088500E0,1.105600891E0,-1.527753021E1,-5.227579193E0
3.018050500E0,4.379891968E-1,-1.343860428E1,-5.366939392E0
3.028011500E0,4.445755005E-1,-1.143861328E1,-5.116659851E0
3.037973500E0,1.227746887E0,-9.918224945E0,-5.980064392E0
3.047935500E0,1.520987091E0,-8.341853027E0,-6.181545410E0
3.057897500E0,1.726060638E0,-6.575077057E0,-4.976401520E0
3.067858500E0,2.058519287E0,-4.733307037E0,-3.719764709E0
3.077820500E0,2.149230652E0,-2.976859589E0,-2.950963440E0
3.087782500E0,1.999841309E0,-1.414857788E0,-2.311642914E0
3.097743500E0,1.705553284E0,-2.766247559E-1,-1.593735809E0
3.107705500E0,1.449286194E0,4.613406372E-1,-8.140072632E-1
3.117667375E0,6.605763245E-1,5.752537537E-1,-2.204914856E-1
3.127628375E0,1.234931946E-1,4.813989258E-1,3.365002441E-1
3.137590375E0,-1.407073975E-2,3.255729675E-1,4.941224670E-1
3.147552375E0,-1.014889526E-1,2.264790344E-1,1.799258423E-1
3.157513375E0,-1.329235840E-1,3.068618774E-1,-5.436694336E-1
3.167475375E0,-2.068698120E-1,6.740483093E-1,-2.145937500E0
3.177437375E0,-4.162843323E-1,9.568103027E-1,-3.100352783E0
3.187399375E0,-5.956114197E-1,1.084045715E0,-3.072211304E0
3.197360375E0,-6.471043396E-1,1.102906494E0,-2.179916840E0
3.207322375E0,-6.909631348E-1,1.115031281E0,-9.819580078E-1
3.217284375E0,-7.063810730E-1,1.084644470E0,-4.146377563E-2
3.227245375E0,-5.328918457E-1,9.360035706E-1,8.303233337E-1
3.237207375E0,-1.531315613E-1,7.071295166E-1,1.434766388E0
3.247169375E0,-9.026229858E-2,4.504133606E-1,1.257235565E0
3.257130375E0,-1.498384094E-1,3.013233948E-1,8.291258240E-1
3.267092375E0,-1.342707825E-1,2.573149109E-1,5.592370605E-1
3.277054375E0,-1.245410156E-1,2.225871277E-1,3.911366272E-1
3.287016375E0,-8.637039185E-2,2.014810181E-1,2.592608643E-1
3.296977375E0,-2.215393066E-2,1.805245972E-1,1.115180969E-1
3.306939375E0,1.047821045E-1,1.136137390E-1,-3.353027344E-2
3.316901375E0,2.143542480E-1,-1.347198486E-2,-1.974394226E-1
3.326862375E0,5.447172546E-1,-5.233117676E-1,-2.854414215E0
3.336824375E0,9.307644653E-1,-1.889520721E0,-7.063960419E0
3.346786375E0,8.286767578E-1,-2.401306458E0,-4.669539642E0
3.356747375E0,5.993536377E-1,-1.895508270E0,-3.733236694E-1
3.366709375E0,4.522096252E-1,-1.646426239E0,9.642947388E-1
3.376671375E0,4.936734009E-1,-1.651365967E0,6.863227844E-1
3.386632375E0,7.191046143E-1,-2.064207458E0,-3.059637451E-1
3.396594375E0,1.649569702E0,-5.427713013E0,-2.622995453E0
3.406556375E0,1.363963623E0,-1.629795822E1,-3.913761292E0
3.416518375E0,1.490001526E0,-2.633862854E1,-4.359085236E0
3.426479375E0,4.089346161E0,-3.309587677E1,-7.255561981E0
3.436441375E0,6.081253967E0,-3.391168030E1,-1.176822784E1
3.446403375E0,3.212469635E0,-2.825733856E1,-1.184591629E1
3.456364375E0,-1.276395721E0,-2.293261139E1,-1.365086288E1
3.466326375E0,-3.482957153E0,-1.782238815E1,-1.270617737E1
3.476288375E0,-1.127455444E0,-1.360625565E1,-6.867568817E0
3.486249375E0,4.191284180E-2,-1.155117920E1,-5.727988586E0
3.496211375E0,2.642005920E-1,-1.102577179E1,-6.905739441E0
3.506173375E0,1.473835144E0,-1.098834961E1,-5.224286041E0
3.516134375E0,2.018253021E0,-1.188049438E1,-3.117566986E0
3.526096375E0,2.919528809E0,-1.333771408E1,-4.399950256E0
3.536058375E0,4.826712799E0,-1.431787582E1,-8.590336304E0
3.546020375E0,6.481671295E0,-1.503892639E1,-1.081291443E1
3.555981375E0,6.358327789E0,-1.531824554E1,-7.485633545E0
3.565943375E0,4.528383179E0,-1.470512054E1,-5.437442780E0
3.575905375E0,2.490820312E0,-1.406834473E1,-6.747967529E0
3.585866375E0,1.142424316E0,-1.397703461E1,-8.398285675E0
3.595828375E0,2.323168945E-1,-1.422641602E1,-7.970175934E0
3.605790375E0,-1.893562317E-1,-1.440529404E1,-7.207212524E0
3.615751375E0,-5.176235962E-1,-1.464105377E1,-7.270381165E0
3.625713375E0,-7.626640320E-1,-1.496932114E1,-7.209008789E0
3.635675375E0,-6.304888916E-1,-1.501467682E1,-6.217919769E0
3.645636375E0,-2.664459229E-1,-1.486558685E1,-5.732179871E0
3.655598375E0,2.212399292E-1,-1.490106308E1,-5.066514130E0
3.665560375E0,6.988966370E-1,-1.501752090E1,-3.691772919E0
3.675522375E0,1.145118713E0,-1.536030807E1,-3.512445831E0
3.685483375E0,1.845961304E0,-1.608854370E1,-4.580923920E0
3.695445375E0,2.941383362E0,-1.681992279E1,-5.755082245E0
3.705407375E0,4.216282196E0,-1.722917175E1,-6.294111328E0
3.715368375E0,4.960534515E0,-1.716046463E1,-6.017336884E0
3.725330375E0,4.701123962E0,-1.645228729E1,-6.032156067E0
3.735292375E0,3.670966187E0,-1.535027893E1,-6.829847260E0
3.745253375E0,2.242187347E0,-1.438029602E1,-6.235732727E0
3.755215375E0,8.915460205E-1,-1.354967331E1,-4.878654785E0
3.765177375E0,2.339634705E-1,-1.261636414E1,-3.958069153E0
3.775138375E0,8.053253174E-2,-1.131197662E1,-3.558549957E0
3.785100375E0,-1.032852173E-2,-9.527836761E0,-3.204536133E0
3.795062375E0,1.930984497E-2,-7.637118530E0,-2.295326843E0
3.805024375E0,-3.936813354E-2,-5.728287964E0,-1.848206635E0
3.814985375E0,-4.236190796E-2,-3.975582733E0,-1.782642975E0
3.824947375E0,-1.893562317E-1,-2.587070160E0,-1.616787872E0
3.834909375E0,-1.193019104E-1,-1.471589813E0,-1.434616699E0
3.844870375E0,-9.160949707E-2,-5.665718079E-1,-1.006506958E0
3.854832375E0,-3.314108276E-1,6.286926270E-3,-1.636097717E-1
3.864794375E0,-4.863386536E-1,2.909948730E-1,5.019062805E-1
3.874755375E0,-4.496649170E-1,4.716691589E-1,7.159611511E-1
3.884717375E0,-5.251080322E-1,4.855902100E-1,6.930587769E-1
3.894679375E0,-5.295986938E-1,4.306544495E-1,5.774990845E-1
3.904640375E0,-5.837860107E-1,3.730242920E-1,3.787124634E-1
3.914602375E0,-6.770420837E-1,3.191363525E-1,1.212478638E-1
3.924564375E0,-7.417076111E-1,3.004252625E-1,-5.688171387E-1
3.934526375E0,-1.494641876E0,4.695735168E-1,-3.202889557E0
3.944487375E0,-2.160606995E0,4.790039062E-1,-5.050497437E0
3.954449375E0,-1.882335663E0,2.893482971E-1,-5.529201965E0
3.964411375E0,-7.789801025E-1,7.634124756E-2,-5.552104340E0
3.974372375E0,3.514691162E-1,9.086105347E-2,-4.725523224E0
3.984334375E0,7.051835632E-1,1.827699280E-1,-2.869532776E0
3.994296375E0,4.773573303E-1,1.136137390E-1,1.772314453E-1
4.004257375E0,5.400769043E-1,-6.810836792E-2,1.572030945E0
4.014219375E0,7.467970276E-1,-8.966354370E-2,1.727258148E0
4.024181375E0,7.741900635E-1,-1.676513672E-2,1.724414063E0
4.034142375E0,8.431965637E-1,-6.002517700E-2,1.562899933E0
4.044104375E0,7.411088562E-1,-1.095721436E-1,1.333277435E0
4.054066375E0,5.593867493E-1,-1.854643250E-1,1.019230499E0
4.064028375E0,4.806504822E-1,-3.406915283E-1,8.174501038E-1
4.073989375E0,3.448828125E-1,-5.035528564E-1,6.689588928E-1
4.083951375E0,3.149450684E-1,-7.620652771E-1,3.062631226E-1
4.093913375E0,2.604583740E-2,-3.345542908E0,-9.257199554E0
4.103874375E0,8.628057861E-1,-1.004755600E1,-1.526271103E1
4.113836542E0,1.474134521E0,-1.602642288E1,-5.080285492E0
4.123798542E0,-1.997595978E0,-1.931927536E1,-1.320104828E0
4.133759542E0,-3.652105408E0,-2.157493469E1,1.601669312E-2
4.143721542E0,-2.068847809E0,-2.096495316E1,-2.239343262E-1
4.153683542E0,-2.284249878E-1,-1.917707108E1,-2.452799377E0
4.163645542E0,1.311871948E0,-1.984692810E1,-9.861941986E0
4.173606542E0,1.992356873E0,-2.129411865E1,-1.754591309E1
4.183568542E0,6.667135620E-1,-2.264535873E1,-1.394215714E1
4.193530542E0,2.314187622E-1,-2.153451874E1,-9.603878632E0
4.203491542E0,1.049467621E0,-1.723695557E1,-4.368365936E0
4.213453542E0,1.093027039E0,-1.311812073E1,-2.844834137E0
4.223415542E0,7.602690125E-1,-1.024409729E1,-5.875132599E0
4.233376542E0,2.869532776E-1,-8.666378174E0,-7.173382874E0
4.243338542E0,-2.270777893E-1,-9.524543610E0,-4.663252716E0
4.253300542E0,1.079405365E0,-1.205937241E1,-5.676495667E0
4.263261542E0,2.091151428E0,-1.517559219E1,-9.493558044E0
4.273223542E0,1.787882080E0,-1.739532623E1,-9.399104462E0
4.283185542E0,5.025050354E-1,-1.776385986E1,-6.390061798E0
4.293147542E0,-8.195457458E-1,-1.699745361E1,-5.364993439E0
4.303108542E0,-1.258433075E0,-1.610426102E1,-5.693859558E0
4.313070542E0,-1.250050507E0,-1.592373642E1,-5.655239868E0
4.323032542E0,-1.084045715E0,-1.634181702E1,-4.442162476E0
4.332993542E0,-7.005432129E-1,-1.651605469E1,-4.093537445E0
4.342955542E0,-2.357597351E-1,-1.604887619E1,-4.602928162E0
4.352917542E0,5.553451538E-2,-1.522169632E1,-4.510270844E0
4.362878542E0,3.070115662E-1,-1.477023514E1,-3.987557831E0
4.372840542E0,6.738986206E-1,-1.476050537E1,-3.567231903E0
4.382802542E0,9.213340759E-1,-1.504236923E1,-4.331542511E0
4.392763542E0,8.199948120E-1,-1.569845490E1,-4.695884857E0
4.402725542E0,5.792953491E-1,-1.673085800E1,-4.668791199E0
4.412687542E0,6.700067139E-1,-1.780981430E1,-5.382357330E0
4.422649542E0,8.810678101E-1,-1.871318573E1,-5.067711639E0
4.432610542E0,1.322649536E0,-1.915865936E1,-5.303621063E0
4.442572542E0,1.092278595E0,-1.859193787E1,-5.374124451E0
4.452534542E0,5.578898621E-1,-1.663864975E1,-4.662653961E0
4.462495542E0,6.433621216E-1,-1.397778305E1,-4.314927063E0
4.472457542E0,8.116122437E-1,-1.125284958E1,-4.215384064E0
4.482419542E0,1.214873657E0,-8.679550781E0,-4.020040283E0
4.492380542E0,1.554966431E0,-6.274651794E0,-4.094285889E0
4.502342542E0,1.405427399E0,-4.140839081E0,-3.573967896E0
4.512304542E0,1.030606842E0,-2.573598175E0,-2.422412567E0
4.522265542E0,5.689668274E-1,-1.276545410E0,-1.425186310E0
4.532227542E0,-5.104385376E-2,-3.650907898E-1,-6.083349609E-1
4.542189542E0,-5.292993164E-1,1.642085266E-1,5.373825073E-2
4.552151542E0,-8.089178467E-1,3.638932800E-1,4.707710266E-1
4.562112542E0,-9.758207703E-1,3.695814514E-1,5.393284607E-1
4.572074542E0,-1.072819061E0,3.475772095E-1,4.700225830E-1
4.582036542E0,-1.186432800E0,3.460803223E-1,4.763095093E-1
4.591997542E0,-1.248254242E0,3.444337463E-1,3.778143311E-1
4.601959542E0,-1.149459686E0,3.480262756E-1,3.652404785E-2
4.611921542E0,-1.058898010E0,3.095562744E-1,-3.390449524E-1
4.621882542E0,-1.137783966E0,3.065625000E-1,-1.110839996E0
4.631844542E0,-1.924547882E0,6.503974915E-1,-4.418212280E0
4.641806542E0,-1.834435272E0,8.649014282E-1,-5.153782654E0
4.651767542E0,-4.028123474E-1,8.740324402E-1,-4.394112396E0
4.661729542E0,1.001567230E0,8.270301819E-1,-3.608396301E0
4.671691542E0,1.323697357E0,8.090675354E-1,-1.715732117E0
4.681653542E0,8.370593262E-1,7.288343811E-1,2.342628479E-1
4.691614542E0,2.733316040E-1,3.998185730E-1,8.866062927E-1
4.701576542E0,4.146377563E-2,5.164260864E-2,9.416917419E-1
4.711538542E0,4.595443726E-2,4.849914551E-2,1.169218597E0
4.721499542E0,3.188369751E-2,1.225950623E-1,1.376986542E0
4.731461542E0,-1.766326904E-2,4.640350342E-2,1.218765564E0
4.741423542E0,-8.098159790E-2,-1.875599670E-1,7.798782349E-1
4.751384542E0,-1.317260742E-1,-3.619473267E-1,4.716691589E-1
4.761346542E0,-1.585203552E-1,-3.911366272E-1,2.480342102E-1
4.771308542E0,-1.689985657E-1,-5.703140259E-1,-5.643264771E-1
4.781270542E0,-4.423301697E-1,-2.093845825E0,-6.774761810E0
4.791231542E0,-9.521699524E-1,-4.031117249E0,-6.942562866E0
4.801193542E0,-5.754034424E-1,-5.463638306E0,8.406518555E-1
4.811155542E0,5.890251160E-1,-9.773775330E0,8.285270691E-1
4.821116542E0,-3.438349915E-1,-1.790591446E1,-4.559817810E0
4.831078542E0,-4.120631104E0,-2.558719116E1,-1.121063736E1
4.841040542E0,-4.314178619E0,-3.084680374E1,-1.055994049E1
4.851001542E0,-1.817520447E0,-2.822545486E1,-5.894292755E0
4.860963542E0,9.181906128E-1,-2.224000168E1,-5.210364990E0
4.870925542E0,2.550546112E0,-1.896930313E1,-7.997419281E0
4.880886542E0,2.510728912E0,-1.631517242E1,-9.135652313E0
4.890848542E0,1.285227356E0,-1.491917542E1,-7.398963776E0
4.900810542E0,3.975732422E-1,-1.458028015E1,-6.794371033E0
4.910772542E0,-6.719526672E-1,-1.379501312E1,-6.444548492E0
4.920733542E0,-1.244961090E0,-1.226519440E1,-4.803960114E0
4.930695542E0,-1.202449493E0,-1.055425232E1,-3.545527039E0
4.940657542E0,-1.719624023E0,-9.485325165E0,-5.005890198E0
4.950618542E0,-2.213297424E0,-9.798773346E0,-9.040749664E0
4.960580542E0,-1.118174744E0,-1.084854034E1,-9.389075317E0
4.970542542E0,-1.049317932E-1,-1.147498764E1,-6.759493561E0
4.980503542E0,-3.200344849E-1,-1.185729263E1,-5.722599792E0
4.990465542E0,-8.542735291E-1,-1.240230927E1,-6.584357758E0
5.000427542E0,-6.794371033E-1,-1.319565948E1,-8.254734192E0
5.010389542E0,-8.577163696E-2,-1.415022446E1,-8.729397125E0
5.020350542E0,3.118016052E-1,-1.496752487E1,-8.108638000E0
5.030312542E0,4.429289246E-1,-1.544278656E1,-6.948400726E0
5.040274542E0,4.110452271E-1,-1.573542801E1,-6.481671295E0
5.050235542E0,1.225950623E-1,-1.583377350E1,-6.809938660E0
5.060197542E0,4.535568237E-2,-1.589409805E1,-7.186705170E0
5.070159542E0,1.155596924E-1,-1.588945770E1,-6.487209778E0
5.080120542E0,-7.469467163E-2,-1.579799789E1,-6.640790405E0
5.090082542E0,-6.234535217E-1,-1.584485046E1,-6.629114685E0
5.100044542E0,-1.149160309E0,-1.600007767E1,-5.798641663E0
5.110005542E0,-1.689985657E0,-1.634376297E1,-5.525310059E0
5.119967375E0,-2.097138977E0,-1.671289536E1,-4.857848053E0
5.129929375E0,-2.249971161E0,-1.695718735E1,-5.043162689E0
5.139891375E0,-2.214045868E0,-1.708038116E1,-4.565955048E0
5.149852375E0,-1.700463867E0,-1.702140381E1,-4.287983093E0
5.159814375E0,-1.216370544E0,-1.675929886E1,-4.007915497E0
5.169776375E0,-9.192384338E-1,-1.610830261E1,-3.773952026E0
5.179737375E0,-8.039781189E-1,-1.504192017E1,-3.796105957E0
5.189699375E0,-7.539820862E-1,-1.370789429E1,-3.038381653E0
5.199661375E0,-5.146298218E-1,-1.185519699E1,-2.425556030E0
5.209622375E0,-2.097138977E-1,-9.671687622E0,-2.332299957E0
5.219584375E0,2.152523804E-1,-7.607629852E0,-2.381547546E0
5.229546375E0,6.869215393E-1,-5.712271271E0,-2.783461761E0
5.239508375E0,1.096469879E0,-4.263883209E0,-3.197500763E0
5.249469375E0,1.156944122E0,-3.156036987E0,-3.212170258E0
5.259431375E0,8.893006897E-1,-2.164648590E0,-2.814297638E0
5.269393375E0,5.821394348E-1,-1.252445526E0,-2.454595642E0
5.279354375E0,4.092489624E-1,-4.730163574E-1,-2.080673218E0
5.289316375E0,6.390211487E-1,2.725831604E-1,-1.784289551E0
5.299278375E0,6.530918884E-1,6.677613831E-1,-1.247206421E0
5.309239375E0,2.731819153E-1,5.574407959E-1,-2.398013306E-1
5.319201375E0,-1.541793823E-1,2.764750671E-1,6.300398254E-1
5.329163375E0,-3.553610229E-1,1.657054138E-1,6.580316162E-1
5.339124375E0,-3.885919189E-1,1.685494995E-1,2.362088013E-1
5.349086375E0,-3.583547974E-1,2.406994629E-1,-3.014730835E-1
5.359048375E0,-2.001338196E-1,7.568261719E-1,-2.572849731E0
5.369010375E0,-7.379653931E-2,1.234033813E0,-4.102668457E0
5.378971375E0,-4.287084961E-1,1.272653503E0,-2.714455261E0
5.388933375E0,-8.719367981E-1,9.867480469E-1,-6.252497864E-1
5.398895375E0,-6.486012268E-1,-7.888595581E-2,5.177732849E-1
5.408856375E0,-1.725910950E-1,-7.038363647E-1,7.500901794E-1
5.418818375E0,3.013233948E-1,-5.499563599E-1,1.024768982E0
5.428780375E0,3.809577942E-1,-3.847000122E-1,8.556207275E-1
5.438741375E0,2.279759216E-1,-2.799179077E-1,5.484594727E-1
5.448703375E0,1.169068909E-1,-1.853146362E-1,3.719764709E-1
5.458665375E0,7.170089722E-2,-1.904040527E-1,2.511776733E-1
5.468627375E0,7.768844604E-2,-2.658471680E-1,1.999841309E-1
5.478588375E0,1.043330383E-1,-3.456312561E-1,1.531315613E-1
5.488550375E0,1.889071655E-1,-4.772076416E-1,1.704954529E-1
5.498512375E0,4.016148376E-1,-9.801617432E-1,-7.861651611E-1
5.508473375E0,2.090702362E0,-5.160967712E0,-1.730790802E1
5.518435375E0,2.910846863E0,-9.485624542E0,-1.501377869E1
5.528397375E0,4.739144897E-1,-9.215286713E0,4.712649994E0
5.538358375E0,-1.094374237E0,-1.163575333E1,4.723726959E0
5.548320375E0,-1.305435333E0,-1.664658325E1,-3.881428528E-1
5.558282375E0,-1.062340851E0,-2.152987839E1,-2.208657074E0
5.568244375E0,-9.524693298E-1,-2.001368134E1,4.978646851E-1
5.578205375E0,-7.090754700E-1,-1.653716080E1,-5.924679565E-1
5.588167375E0,-2.074685669E-1,-1.542916489E1,-5.017416229E0
5.598129375E0,2.328408051E0,-1.258897110E1,-5.155429230E0
5.608090375E0,3.918701019E0,-1.131497040E1,-1.857038269E0
5.618052375E0,2.925366669E0,-1.398481842E1,-3.806135101E0
5.628014375E0,8.943901062E-1,-1.751687347E1,-2.017833893E1
5.637975375E0,-8.583151245E-1,-2.125998962E1,-2.990151947E1
5.647937375E0,1.547182617E0,-2.064776276E1,-1.265737885E1
5.657899375E0,2.735860748E0,-1.483774475E1,3.176394653E0
5.667861375E0,1.270857239E-1,-9.898765411E0,3.954177246E0
5.677822375E0,-2.749332733E0,-7.750283203E0,-2.605481873E0
5.687784375E0,-4.173321533E0,-7.396269379E0,-1.028047165E1
5.697746375E0,-4.478686523E0,-1.070483917E1,-5.964796143E0
5.707707375E0,-2.825075226E0,-1.567675003E1,-2.311942291E0
5.717669375E0,7.993377686E-1,-1.893352753E1,-5.052593079E0
5.727631375E0,4.189637604E0,-2.066153412E1,-8.137078857E0
5.737592375E0,6.364015961E0,-1.930146240E1,-9.746082916E0
5.747554375E0,5.727689209E0,-1.539234146E1,-7.991731110E0
5.757516375E0,4.142934723E0,-1.152213959E1,-5.652844849E0
5.767477375E0,3.216810608E0,-9.829609222E0,-6.237828369E0
5.777439375E0,1.810185699E0,-1.101200043E1,-7.038812714E0
5.787401375E0,-3.972738647E-1,-1.382554962E1,-6.825506287E0
5.797363375E0,-2.598895569E0,-1.680570236E1,-6.755002899E0
5.807324375E0,-3.223845978E0,-1.873638748E1,-6.073170776E0
5.817286375E0,-2.693798218E0,-1.969768845E1,-7.982151031E0
5.827248375E0,-1.186133423E0,-1.933140015E1,-7.719896393E0
5.837209375E0,1.417552185E-1,-1.815320023E1,-4.919070740E0
5.847171375E0,6.493496704E-1,-1.763003815E1,-4.477489014E0
5.857133375E0,1.381028137E0,-1.744158005E1,-5.141358490E0
5.867094375E0,1.899998932E0,-1.707319611E1,-5.515430603E0
5.877056375E0,1.725611572E0,-1.669313644E1,-4.975054321E0
5.887018375E0,1.343605957E0,-1.594125000E1,-4.419110413E0
5.896980375E0,1.013991394E0,-1.475287125E1,-4.254003754E0
5.906941375E0,3.926335144E-1,-1.342153976E1,-4.132007446E0
5.916903375E0,-4.882846069E-1,-1.206865311E1,-3.618874512E0
5.926865375E0,-9.846524048E-1,-1.050605255E1,-2.869383087E0
5.936826375E0,-1.027912445E0,-8.713230743E0,-2.364483032E0
5.946788375E0,-8.529263306E-1,-6.730304260E0,-2.389481049E0
5.956750375E0,-4.498146057E-1,-4.857997742E0,-2.676434326E0
5.966711375E0,1.619631958E-1,-3.572620697E0,-2.870879974E0
5.976673375E0,5.565426636E-1,-2.690954132E0,-2.700833588E0
5.986635375E0,5.834866333E-1,-1.792522430E0,-1.694326630E0
5.996597375E0,4.257147217E-1,-1.180295563E0,-6.056405640E-1
6.006558375E0,2.865042114E-1,-6.724017334E-1,-1.631607056E-2
6.016520375E0,1.387614441E-1,-3.071612549E-1,1.655557251E-1
6.026482375E0,1.242416382E-1,-3.906875610E-2,1.681004333E-1
6.036443375E0,1.273851013E-1,9.265731812E-2,2.013313293E-1
6.046405375E0,1.836680603E-1,1.978884888E-1,2.448907471E-1
6.056367375E0,1.345701599E-1,2.610571289E-1,3.037184143E-1
6.066328375E0,7.484436035E-3,2.863545227E-1,2.588117981E-1
6.076290375E0,7.948471069E-2,3.839515686E-1,-4.156855774E-1
6.086252375E0,5.328918457E-1,7.125183105E-1,-1.821112976E0
6.096214375E0,7.708969116E-1,9.351054382E-1,-2.538870392E0
6.106175375E0,6.450086975E-1,9.181906128E-1,-2.029779053E0
6.116137625E0,3.541635132E-1,8.666976929E-1,-1.153950348E0
6.126099625E0,-3.689826965E-1,6.707551575E-1,-1.728904724E-1
6.136060625E0,-7.511380005E-1,2.745291138E-1,7.548802185E-1
6.146022625E0,-3.809577942E-1,3.787124634E-2,1.212628326E0
6.155984625E0,-5.255570984E-1,-1.317260742E-2,8.496331787E-1
6.165945625E0,-5.861810303E-1,4.790039062E-3,5.501060486E-1
6.175907625E0,-4.772076416E-1,-3.338058472E-2,4.273612976E-1
6.185869625E0,-3.891906738E-1,-6.795867920E-2,3.347039795E-1
6.195831625E0,-3.393443298E-1,-9.565109253E-2,1.681004333E-1
6.205792625E0,-2.085163879E-1,-2.519261169E-1,4.520599365E-2
6.215754625E0,-1.339714050E-1,-4.459226990E-1,-6.303392029E-1
6.225716625E0,-5.592370605E-1,-2.218237152E0,-9.226064301E0
6.235677625E0,1.951940918E-1,-5.775140533E0,-1.847009125E1
6.245639625E0,1.748064880E0,-7.403454437E0,-7.007378082E0
6.255601625E0,8.797206116E-1,-6.513405304E0,6.041287079E0
6.265562625E0,-5.264552307E-1,-9.851912842E0,7.804470520E0
6.275524625E0,2.284249878E-1,-1.703352859E1,4.980143738E0
6.285486625E0,1.286424866E0,-2.422637100E1,-3.844006348E0
6.295448625E0,6.213578796E-1,-2.563973190E1,-1.434706512E1
6.305409625E0,-4.334985352E-1,-1.772958115E1,-1.065783691E1
6.315371625E0,-1.327738953E0,-1.378782806E1,-6.308481445E0
6.325333625E0,-1.534608765E0,-1.025607239E1,-3.946243744E0
6.335294625E0,-9.895921326E-1,-1.083192490E1,-2.373464355E0
6.345256625E0,-8.213420105E-1,-1.526735138E1,-8.868457947E0
6.355218625E0,-4.984634399E-1,-2.030093399E1,-2.256243118E1
6.365179625E0,2.025737457E0,-2.134950348E1,-1.487367004E1
6.375141625E0,2.922073517E0,-1.794124100E1,-1.942510529E0
6.385103625E0,9.663903809E-1,-1.316766769E1,4.933740234E-1
6.395065625E0,-1.628613281E0,-1.070498886E1,-3.816463623E0
6.405026625E0,-3.214565277E0,-9.470505981E0,-1.082054855E1
6.414988625E0,-2.986289978E0,-1.039198975E1,-9.333540802E0
6.424950625E0,-2.251767426E0,-1.361972763E1,-6.386618958E0
6.434911625E0,-1.026565247E0,-1.637549698E1,-6.374494171E0
6.444873625E0,-8.384065247E-1,-1.805171127E1,-6.942113800E0
6.454835625E0,-1.178050232E-1,-1.788750275E1,-7.535479889E0
6.464796625E0,1.944606171E0,-1.612132553E1,-7.409591675E0
6.474758625E0,3.190914459E0,-1.460243408E1,-6.448290710E0
6.484720625E0,3.459006958E0,-1.400787048E1,-5.516029358E0
6.494682625E0,3.056793365E0,-1.464075439E1,-6.109096069E0
6.504643625E0,2.109712830E0,-1.609019028E1,-7.801177368E0
6.514605625E0,9.250762939E-1,-1.748244507E1,-7.598349152E0
6.524567625E0,2.683918762E-1,-1.822385330E1,-6.283483429E0
6.534528625E0,2.456391907E-1,-1.819196960E1,-6.543343048E0
6.544490625E0,6.673123169E-1,-1.761387177E1,-6.623576202E0
6.554452625E0,6.771917725E-1,-1.684507050E1,-5.215304718E0
6.564413625E0,6.738986206E-1,-1.629167130E1,-5.297932892E0
6.574375625E0,6.251000977E-1,-1.627909744E1,-5.400619354E0
6.584337625E0,1.966909790E-1,-1.661110703E1,-3.470682678E0
6.594299625E0,1.490899658E-1,-1.677426773E1,-2.650687866E0
6.604260625E0,1.522334290E-1,-1.664643356E1,-2.200124817E0
6.614222625E0,2.170486450E-1,-1.600322113E1,-2.041005707E0
6.624184625E0,3.128494263E-1,-1.467383560E1,-2.630629578E0
6.634145625E0,5.869294739E-1,-1.315614166E1,-3.531156921E0
6.644107625E0,9.291178894E-1,-1.124925705E1,-3.909719696E0
6.654069625E0,1.609303436E0,-8.962761841E0,-3.530109100E0
6.664030625E0,1.991458740E0,-6.778354340E0,-3.156186676E0
6.673992625E0,2.102378082E0,-4.903503113E0,-3.599864044E0
6.683954625E0,2.129022675E0,-3.175346832E0,-3.541186066E0
6.693916625E0,1.872456207E0,-1.800455933E0,-3.254532166E0
6.703877625E0,1.486858063E0,-7.271878052E-1,-3.036286011E0
6.713839625E0,1.107397156E0,5.523513794E-2,-2.396666107E0
6.723801625E0,7.839198303E-1,4.652325439E-1,-1.433119812E0
6.733762625E0,5.676196289E-1,5.489085388E-1,-5.715115356E-1
6.743724625E0,5.373825073E-1,6.189628601E-1,-5.715115356E-1
6.753686625E0,4.733157349E-1,8.211923218E-1,-1.142873383E0
6.763647625E0,1.616638184E-1,1.003962250E0,-1.172811127E0
6.773609625E0,-2.977308655E-1,1.095571747E0,-8.354127502E-1
6.783571625E0,-7.396119690E-1,1.125958557E0,-6.971003723E-1
6.793533625E0,-1.486708374E0,1.057999878E0,-7.093748474E-1
6.803494625E0,-2.125430145E0,7.361691284E-1,-8.050259399E-1
6.813456625E0,-2.107018433E0,2.222877502E-1,-1.101259918E0
6.823418625E0,-1.922452240E0,-3.186872864E-1,-1.376088409E0
6.833379625E0,-1.844913483E0,-6.298901367E-1,-8.650511169E-1
6.843341625E0,-1.601519623E0,-7.774832153E-1,3.155438232E-1
6.853303625E0,-1.147513733E0,-7.244934082E-1,9.759704590E-1
6.863264625E0,-7.958949280E-1,-6.068380737E-1,1.071771240E0
6.873226625E0,-5.483097839E-1,-5.397775269E-1,7.420069885E-1
6.883188625E0,-2.683918762E-1,-4.613406372E-1,4.575984192E-1
6.893150625E0,-1.857637024E-1,-4.087998962E-1,2.320175171E-1
6.903111625E0,-3.832031250E-2,-3.236270142E-1,1.062789917E-2
6.913073625E0,5.523513794E-2,-2.766247559E-1,-2.338137817E-1
6.923035625E0,3.293151855E-1,-2.718347168E-1,-4.098028107E0
6.932996625E0,2.296674042E0,-9.297166443E-1,-1.437939789E1
6.942958625E0,3.677552490E0,-2.095043335E0,-1.082264420E1
6.952920625E0,2.124532013E0,-2.571053467E0,-1.416504364E0
6.962882625E0,7.589218140E-1,-2.914888458E0,2.541714478E0
6.972843625E0,-2.540217590E-1,-3.959266663E0,4.167034607E0
6.982805625E0,-1.333127747E0,-5.347479858E0,3.630101166E0
6.992767625E0,-2.233505402E0,-8.634793854E0,2.522704010E0
7.002728625E0,-2.565365295E0,-1.397389114E1,7.622149658E-1
7.012690625E0,-5.063670044E0,-2.222817627E1,-1.292621979E1
7.022652625E0,-7.588918762E0,-3.214295837E1,-3.064966370E1
7.032613625E0,-2.747386780E0,-3.722803391E1,-2.618444916E1
7.042575625E0,3.081492004E0,-3.102762772E1,-3.230432281E0
7.052537625E0,2.121687927E0,-1.973286530E1,8.645870819E0
7.062499625E0,-3.094065857E-1,-1.279254776E1,5.756130066E0
7.072460625E0,2.965333557E-1,-8.679850159E0,3.067271576E0
7.082422625E0,-3.137475586E-1,-7.281158752E0,6.270460510E-1
7.092384625E0,1.293909302E0,-6.632707214E0,-1.384006943E1
7.102345625E0,4.597689056E0,-1.177032349E1,-2.482991592E1
7.112307625E0,6.193370819E0,-1.688683365E1,-2.849773865E0
7.122268792E0,5.398523712E0,-1.750070709E1,1.111438751E0
7.132229792E0,1.971101074E0,-1.660332321E1,-5.513035583E0
7.142191792E0,-2.245779877E0,-1.498458939E1,-1.502500534E1
7.152153792E0,-2.822081451E0,-1.416339706E1,-1.120749390E1
7.162115792E0,-2.208507385E0,-1.455857529E1,-4.133504333E0
7.172076792E0,-3.549718323E0,-1.520538025E1,-5.906866608E0
7.182038792E0,-5.012775879E0,-1.596849335E1,-8.979077911E0
7.192000792E0,-4.476441193E0,-1.605785751E1,-7.147786102E0
7.201961792E0,-2.608475647E0,-1.600456833E1,-5.167853394E0
7.211923792E0,-7.159611511E-1,-1.615680176E1,-7.317084045E0
7.221885792E0,1.259929962E0,-1.637100632E1,-7.318131866E0
7.231846792E0,2.340083771E0,-1.671948166E1,-6.908882904E0
7.241808792E0,2.996768188E0,-1.718666016E1,-7.651937714E0
7.251770792E0,2.886597290E0,-1.762075745E1,-6.910978546E0
7.261732792E0,2.298021240E0,-1.802626419E1,-6.656507721E0
7.271693792E0,1.286574554E0,-1.830932556E1,-5.839806061E0
7.281655792E0,3.255729675E-1,-1.839614502E1,-4.518803101E0
7.291617792E0,-1.570234680E-1,-1.852861954E1,-3.188220062E0
7.301578792E0,-1.384620667E-1,-1.830363739E1,-2.933749237E0
7.311540792E0,-6.855743408E-2,-1.770727753E1,-2.893632660E0
7.321502792E0,-2.776725769E-1,-1.669433395E1,-2.884202271E0
7.331463792E0,-4.632865906E-1,-1.479074249E1,-3.635489960E0
7.341425792E0,-2.418969727E-1,-1.250694168E1,-4.716541901E0
7.351387792E0,5.734574890E-1,-1.010758118E1,-5.433101807E0
7.361349792E0,1.098864899E0,-8.381370850E0,-4.838687897E0
7.371310792E0,1.496288452E0,-7.002737732E0,-4.305496674E0
7.381272792E0,1.532513123E0,-5.283413086E0,-3.633094940E0
7.391234792E0,1.016985168E0,-3.566184082E0,-3.048859863E0
7.401195792E0,1.835183716E-1,-2.518961792E0,-1.955982513E0
7.411157792E0,-1.731898499E-1,-1.440155182E0,-8.226892090E-1
7.421119792E0,1.957928467E-1,-1.974394226E-1,-7.851173401E-1
7.431081792E0,8.114625549E-1,7.577243042E-1,-2.264640656E0
7.441042792E0,1.533860321E0,1.479373627E0,-5.027595062E0
7.451004792E0,1.748813324E0,1.550176392E0,-5.641468506E0
7.460966792E0,1.225351868E0,1.036145325E0,-4.286486206E0
7.470927792E0,-9.939331055E-2,3.857478333E-1,-3.171454926E0
7.480889792E0,-2.013912048E0,-7.499404907E-2,-2.541864166E0
7.490851792E0,-3.642076263E0,-3.236270142E-1,-1.983375549E0
7.500812792E0,-4.256398773E0,-2.971321106E-1,-1.947001190E0
7.510774792E0,-3.082539825E0,-3.802093506E-1,-3.230282593E-1
7.520736792E0,-1.357676697E0,-5.825885010E-1,1.452130280E0
7.530698792E0,-7.017407227E-1,-6.033952332E-1,1.093326416E0
7.540659792E0,-1.866618347E-1,-4.785548401E-1,7.149133301E-1
7.550621792E0,2.005828857E-1,-2.995271301E-1,6.559359741E-1
7.560583792E0,3.227288818E-1,-1.384620667E-1,5.044509888E-1
7.570544792E0,4.083508301E-1,-1.736389160E-2,4.087998962E-1
7.580506792E0,5.068460083E-1,6.556365967E-2,3.963757324E-1
7.590468792E0,6.730004883E-1,6.691085815E-2,4.613406372E-1
7.600430792E0,9.756710815E-1,-7.065307617E-2,6.417155457E-1
7.610391792E0,1.119671631E0,-3.188369751E-1,8.354127502E-1
7.620353792E0,1.203048248E0,-4.689747620E-1,8.680448914E-1
7.630315792E0,1.258882141E0,-6.274951172E-1,8.240364075E-1
7.640276792E0,1.273551636E0,-8.032296753E-1,8.307723999E-1
7.650238792E0,1.178050232E0,-9.848020935E-1,1.017733612E0
7.660200792E0,1.090781708E0,-1.187480621E0,1.250050507E0
7.670161792E0,1.154998169E0,-1.390009460E0,1.596579895E0
7.680123792E0,1.256786499E0,-1.685045929E0,1.881736908E0
7.690085792E0,1.081650696E0,-2.439477081E0,1.397344208E0
7.700047792E0,1.280886383E0,-4.649631042E0,-3.812721405E0
7.710008792E0,1.314416656E0,-1.148187332E1,-1.626352982E1
7.719970792E0,1.027164001E0,-1.799438049E1,-1.325882812E1
7.729932792E0,1.108744354E0,-1.988599686E1,2.396965485E0
7.739893792E0,-1.823208618E-1,-2.079296082E1,9.831405487E0
7.749855792E0,-5.918692017E-1,-2.202070770E1,6.141279144E0
7.759817792E0,-1.430275726E0,-2.062066910E1,-1.099448685E1
7.769779792E0,-3.598965912E0,-1.605815689E1,-1.338501572E1
7.779740792E0,-1.919608154E0,-1.206865311E1,3.915856934E-1
7.789702792E0,-3.065026245E0,-1.116228790E1,-3.378324738E0
7.799664792E0,-5.400319977E0,-1.530462387E1,-2.504621613E1
7.809625792E0,-3.456911316E0,-2.187521027E1,-3.549284225E1
7.819587792E0,2.352208557E0,-2.312451233E1,-9.466913452E0
7.829549792E0,6.918762360E0,-1.924742477E1,2.938539276E0
7.839510792E0,3.557801514E0,-1.642908554E1,2.058219910E-1
7.849472792E0,-9.996212769E-1,-1.551358932E1,-1.267040176E1
7.859434792E0,-3.649411011E-1,-1.312530579E1,-1.472443039E1
7.869396792E0,1.177601166E0,-1.243149857E1,-3.485352173E0
7.879357792E0,3.923191681E0,-1.405217834E1,-4.135599976E0
7.889319792E0,6.771318970E0,-1.640498566E1,-9.309590607E0
7.899281792E0,7.031777344E0,-1.831396591E1,-9.956844635E0
7.909242792E0,5.334756317E0,-1.896870438E1,-7.613318024E0
7.919204792E0,4.214485931E0,-1.803329956E1,-8.061785431E0
7.929166792E0,3.563339996E0,-1.682112030E1,-8.159532166E0
7.939128792E0,2.241139526E0,-1.648821259E1,-6.660848694E0
7.949089792E0,1.182989960E0,-1.659688660E1,-7.036717072E0
7.959051792E0,4.971162415E-1,-1.693982346E1,-7.965236206E0
7.969013792E0,-2.163002014E-1,-1.749217484E1,-7.180867310E0
7.978974792E0,-7.783813477E-1,-1.787343201E1,-6.363117828E0
7.988936792E0,-9.298663330E-1,-1.808823532E1,-5.771548004E0
7.998898792E0,-8.029302979E-1,-1.816682190E1,-5.689368896E0
8.008859792E0,-7.812254333E-1,-1.785277496E1,-5.777385864E0
8.018821792E0,-7.686515808E-1,-1.749696487E1,-5.207670593E0
8.028783792E0,-9.355545044E-2,-1.666469559E1,-5.818250885E0
8.038745792E0,4.700225830E-1,-1.560430069E1,-6.074218597E0
8.048706792E0,5.706134033E-1,-1.468146973E1,-4.713548126E0
8.058668792E0,5.486091614E-1,-1.314521439E1,-3.735931091E0
8.068630792E0,6.267466736E-1,-1.103011276E1,-3.141666870E0
8.078591792E0,9.812095642E-1,-8.884474640E0,-2.869233398E0
8.088553792E0,1.397493896E0,-6.680607605E0,-2.918480988E0
8.098515792E0,1.954485626E0,-4.572241974E0,-3.093167725E0
8.108477792E0,2.018402710E0,-2.904110870E0,-3.004701691E0
8.118439000E0,1.868863678E0,-1.828747101E0,-2.409988403E0
8.128401000E0,1.605112152E0,-1.095122681E0,-1.331930237E0
8.138363000E0,1.077010345E0,-5.625302124E-1,-3.417393494E-1
8.148324000E0,6.896159363E-1,-1.773811340E-1,2.130070496E-1
8.158286000E0,5.038522339E-1,1.323248291E-1,3.559597778E-1
8.168248000E0,2.775228882E-1,3.022215271E-1,4.453239441E-1
8.178209000E0,5.897735596E-2,3.231779480E-1,6.637197876E-1
8.188171000E0,-1.645079041E-1,3.165916443E-1,7.074288940E-1
8.198133000E0,-4.381388855E-1,2.960842896E-1,3.797602844E-1
8.208095000E0,-6.526428223E-1,3.023712158E-1,-2.758763123E-1
8.218056000E0,-8.985813904E-1,5.140310669E-1,-2.096240845E0
8.228018000E0,-1.088087311E0,8.433462524E-1,-3.961961060E0
8.237980000E0,-1.091380463E0,1.047371979E0,-4.026327209E0
8.247941000E0,-1.002165985E0,1.130299530E0,-3.296894073E0
8.257903000E0,-5.319937134E-1,7.635621643E-1,-1.714085541E0
8.267865000E0,-8.562194824E-2,-5.388793945E-2,2.315684509E-1
8.277827000E0,-3.742218018E-2,-5.119354248E-1,1.463356934E0
8.287788000E0,-7.843688965E-2,-5.071453857E-1,1.398392029E0
8.297750000E0,-8.786727905E-2,-4.324507141E-1,9.484277344E-1
8.307712000E0,-1.272354126E-1,-3.432362366E-1,6.038442993E-1
8.317673000E0,-2.029779053E-1,-2.610571289E-1,4.578977966E-1
8.327635000E0,-1.553768921E-1,-2.300715637E-1,4.105961609E-1
8.337597000E0,-5.972579956E-2,-2.448907471E-1,4.436773682E-1
8.347559000E0,6.301895142E-2,-2.564167786E-1,5.563929749E-1
8.357520000E0,2.035766602E-1,-2.565664673E-1,7.023394775E-1
8.367482000E0,3.995191956E-1,-2.697390747E-1,8.683442688E-1
8.377444000E0,5.351371765E-1,-2.935395813E-1,9.527687073E-1
8.387405000E0,5.923182678E-1,-3.299139404E-1,7.616162109E-1
8.397367000E0,7.735913086E-1,-4.101470947E-1,4.734654236E-1
8.407329000E0,8.399034119E-1,-1.474284210E0,-3.497027893E0
8.417291000E0,-8.791218567E-1,-4.370760956E0,-1.080138840E1
8.427252000E0,-1.252894592E0,-4.802762604E0,-4.421355743E0
8.437214000E0,-4.581971741E-1,-6.515051880E0,-7.487429810E-1
8.447176000E0,-2.865042114E-1,-1.223944794E1,-4.628973999E0
8.457137000E0,4.709356842E0,-2.306882812E1,-1.816532501E1
8.467099000E0,9.200617218E0,-2.830883148E1,-9.859696655E0
8.477061000E0,6.531966705E0,-2.839879440E1,-8.885522461E-1
8.487023000E0,4.321213989E0,-2.425136902E1,-5.339995422E0
8.496984000E0,1.017134857E0,-1.568198914E1,-7.917036438E0
8.506946000E0,-2.134112091E0,-1.221639587E1,-9.034911804E0
8.516908000E0,-4.680167542E0,-1.179861465E1,-6.307433624E0
8.526869000E0,-4.761747894E0,-1.309626617E1,-6.167474670E0
8.536831000E0,-3.431913300E0,-1.655048309E1,-1.071052734E1
8.546793000E0,-1.703906708E0,-1.915806061E1,-1.345042969E1
8.556754000E0,-5.987548828E-1,-2.004676254E1,-1.262684235E1
8.566716000E0,-5.951623535E-1,-1.991578491E1,-1.069585785E1
8.576678000E0,-1.495390320E-1,-1.786175629E1,-9.593550110E0
8.586640000E0,3.134481812E-1,-1.498279312E1,-9.641001434E0
8.596601000E0,1.136586456E0,-1.247071701E1,-8.969946899E0
8.606563000E0,1.553768921E0,-1.068762497E1,-8.002808075E0
8.616525000E0,2.046095123E0,-9.504185944E0,-6.790628815E0
8.626486000E0,2.239642639E0,-9.170529785E0,-6.535559235E0
8.636448000E0,2.151775360E0,-1.051712952E1,-7.529791718E0
8.646410000E0,3.062930603E0,-1.264435593E1,-8.028554535E0
8.656372000E0,2.808759155E0,-1.465886673E1,-7.846383362E0
8.666333000E0,2.109712830E0,-1.617266876E1,-6.845115509E0
8.676295000E0,1.627565460E0,-1.719848557E1,-7.341932373E0
8.686257000E0,1.367406464E0,-1.793779816E1,-8.989107056E0
8.696218000E0,1.115180969E0,-1.826905930E1,-8.574020233E0
8.706180000E0,7.134164429E-1,-1.817355789E1,-6.530020752E0
8.716142000E0,2.007325745E-1,-1.787837173E1,-6.282136230E0
8.726104000E0,-1.407073975E-1,-1.780846710E1,-8.147108002E0
8.736065000E0,-3.354524231E-1,-1.806443481E1,-7.962841187E0
8.746027000E0,-1.672023010E-1,-1.825319229E1,-7.267836456E0
8.755989000E0,2.609074402E-1,-1.829300949E1,-7.647596741E0
8.765950000E0,6.137237549E-1,-1.831336716E1,-6.806346130E0
8.775912000E0,7.954458618E-1,-1.808808563E1,-5.976771240E0
8.785874000E0,7.683522034E-1,-1.722438171E1,-5.015470276E0
8.795836000E0,6.183641052E-1,-1.521555908E1,-4.655618591E0
8.805797000E0,2.709365845E-1,-1.288924667E1,-4.059258728E0
8.815759000E0,-2.016307068E-1,-1.054871384E1,-3.441942444E0
8.825721000E0,-5.144801331E-1,-7.925568695E0,-2.752925262E0
8.835682000E0,-3.722758484E-1,-5.653742981E0,-2.138153687E0
8.845644000E0,5.300477600E-1,-3.694317627E0,-2.085612946E0
8.855606000E0,1.379531250E0,-2.222129059E0,-2.326162720E0
8.865567000E0,1.592089233E0,-1.498982849E0,-2.358495483E0
8.875529000E0,1.508413239E0,-9.734257507E-1,-2.111509094E0
8.885491000E0,1.199904785E0,-5.301974487E-1,-1.767374725E0
8.895453000E0,9.238787842E-1,-8.846603394E-2,-1.462309113E0
8.905414000E0,9.407936096E-1,2.808160400E-1,-8.669970703E-1
8.915376000E0,9.924362183E-1,4.878355408E-1,-1.929487610E-1
8.925338000E0,9.442364502E-1,5.189707947E-1,2.399510193E-1
8.935300000E0,6.376739502E-1,4.655319214E-1,3.492237854E-1
8.945261000E0,3.441343689E-1,3.812571716E-1,1.023870850E-1
8.955223000E0,1.606159973E-1,3.559597778E-1,-4.520599365E-1
8.965185000E0,2.471360779E-1,5.345384216E-1,-1.825304260E0
8.975146000E0,7.048841858E-1,1.111139374E0,-4.503684540E0
8.985108000E0,9.490264893E-1,1.385219421E0,-4.332740021E0
8.995070000E0,8.619076538E-1,1.382674713E0,-2.747087402E0
9.005031000E0,5.574407959E-1,1.206341400E0,-1.216520233E0
9.014993000E0,8.337661743E-2,5.182223511E-1,6.041436768E-1
9.024955000E0,-2.514770508E-2,-1.073268127E-1,1.690434723E0
9.034917000E0,9.714797974E-2,-3.996688843E-1,1.724114685E0
9.044878000E0,8.801696777E-2,-4.957690430E-1,1.218166809E0
9.054840000E0,5.882766724E-2,-5.093907166E-1,9.008267212E-1
9.064802000E0,7.888595581E-2,-4.534071350E-1,7.432044983E-1
9.074764000E0,4.984634399E-2,-3.514691162E-1,5.725593567E-1
9.084725000E0,-6.556365967E-2,-2.954855347E-1,4.179309082E-1
9.094687000E0,-1.248403931E-1,-2.709365845E-1,2.673440552E-1
9.104649000E0,-1.781295776E-1,-2.716850281E-1,1.287322998E-1
9.114610000E0,-9.346563721E-1,-3.453318787E-1,-2.616409149E0
9.124572042E0,-1.504221954E0,-7.798782349E-1,-4.486620026E0
9.134534042E0,-1.437011719E-1,-9.066645813E-1,-4.565505981E-2
9.144495042E0,6.915618896E-2,-8.360115051E-1,2.104024658E0
9.154457042E0,-1.203497314E-1,-8.747808838E-1,1.449884949E0
9.164419042E0,-1.314266968E-1,-1.106499023E0,1.975891113E-1
9.174381042E0,-9.714797974E-2,-2.011666718E0,-2.167492676E-1
9.184342042E0,8.786727905E-1,-6.287375336E0,-5.485492859E0
9.194304042E0,3.210224304E0,-1.549727325E1,-1.223405914E1
9.204266042E0,4.248315582E0,-2.270209076E1,-3.374732208E0
9.214227042E0,5.038821716E0,-2.737926453E1,1.707050171E0
9.224189042E0,5.913452911E0,-2.899485489E1,4.270619202E-1
9.234151042E0,4.962330780E0,-2.365710480E1,-2.726430359E0
9.244113042E0,2.165995789E0,-1.575638443E1,-9.609716492E0
9.254074042E0,-1.731898499E-1,-1.483026031E1,-1.959200821E1
9.264036042E0,-2.251318359E0,-1.897080002E1,-2.760125290E1
9.273998042E0,-1.191522217E0,-2.269954605E1,-2.205528580E1
9.283959042E0,2.704575806E0,-2.006906616E1,-4.251908112E0
9.293921042E0,4.731510773E0,-1.386551651E1,3.553161163E0
9.303883042E0,1.453028412E0,-1.011267059E1,2.098635864E0
9.313845042E0,-1.154549103E0,-8.923693085E0,-6.896758118E0
9.323806042E0,-1.677561493E0,-8.051756287E0,-1.278326706E1
9.333768042E0,-1.975142670E0,-1.086545517E1,-6.725214844E0
9.343730042E0,3.489244080E-1,-1.553185135E1,-4.285288696E0
9.353691042E0,2.728526001E0,-1.979094452E1,-5.733826447E0
9.363653042E0,3.244802399E0,-2.245555344E1,-7.940687256E0
9.373615042E0,2.876268768E0,-2.295207092E1,-8.734037476E0
9.383577042E0,2.873574371E0,-2.010948212E1,-6.744225311E0
9.393538042E0,3.007845154E0,-1.586700439E1,-5.608387299E0
9.403500042E0,3.423530731E0,-1.320224579E1,-5.796995087E0
9.413462042E0,3.769161987E0,-1.233614685E1,-7.643555145E0
9.423423042E0,2.152823181E0,-1.359892090E1,-8.186326447E0
9.433385042E0,2.170486450E-2,-1.558214676E1,-6.737339630E0
9.443347042E0,-1.011746063E0,-1.732078125E1,-7.462282104E0
9.453309042E0,-7.280859375E-1,-1.880449585E1,-8.612939301E0
9.463270042E0,5.836363220E-1,-1.924682602E1,-7.472460938E0
9.473232042E0,1.459914093E0,-1.927661407E1,-5.626799011E0
9.483194042E0,1.809886322E0,-1.894295792E1,-5.580844574E0
9.493155042E0,2.130818939E0,-1.846709747E1,-6.182443542E0
9.503117042E0,2.324815521E0,-1.790516602E1,-6.529871063E0
9.513079042E0,1.793869629E0,-1.735161713E1,-5.806425476E0
9.523041042E0,1.088985443E0,-1.645108978E1,-5.668861542E0
9.533002042E0,7.268884277E-1,-1.494312561E1,-5.446424103E0
9.542964042E0,4.821473694E-1,-1.312889832E1,-4.137994995E0
9.552926042E0,3.356021118E-1,-1.091215805E1,-3.304228821E0
9.562887042E0,2.667453003E-1,-8.419092407E0,-3.125650177E0
9.572849042E0,5.572911072E-1,-6.112089844E0,-2.537672882E0
9.582811042E0,1.238524475E0,-4.301006012E0,-2.114203491E0
9.592773042E0,1.551373901E0,-2.915936279E0,-2.089804230E0
9.602734042E0,1.698817291E0,-1.906585236E0,-1.959874420E0
9.612696042E0,1.514700165E0,-1.120719452E0,-1.584604797E0
9.622658042E0,1.249601440E0,-4.900808716E-1,-8.535250854E-1
9.632619042E0,9.951306152E-1,-1.742376709E-1,4.790039062E-3
9.642581042E0,8.487350464E-1,1.074765015E-1,7.150630188E-1
9.652543042E0,7.587721252E-1,3.613485718E-1,1.067579956E0
9.662505042E0,5.298980713E-1,4.472698975E-1,9.407936096E-1
9.672466042E0,3.914360046E-1,4.471202087E-1,7.216493225E-1
9.682428042E0,3.029699707E-1,4.602928162E-1,4.679269409E-1
9.692390042E0,1.736389160E-1,5.019062805E-1,-3.712280273E-2
9.702352042E0,-2.619552612E-2,8.888516235E-1,-2.129920807E0
9.712313042E0,-2.341131592E-1,1.252894592E0,-3.801794128E0
9.722275042E0,-3.623963928E-1,1.277892609E0,-3.399580536E0
9.732237042E0,-4.995112610E-1,1.239123230E0,-2.505938873E0
9.742198042E0,-7.262896729E-1,1.217717743E0,-1.306782532E0
9.752160042E0,-1.003962250E0,1.114282837E0,-1.951940918E-1
9.762122042E0,-8.687933350E-1,5.766009521E-1,4.751119995E-1
9.772084042E0,-2.160008240E-1,-1.802252197E-1,8.813671875E-1
9.782045042E0,-2.769241333E-2,-3.387455750E-1,1.190324707E0
9.792007042E0,-2.739303589E-2,-3.004252625E-1,1.196611633E0
9.801969042E0,5.328918457E-2,-3.514691162E-1,9.412426758E-1
9.811930042E0,1.821711731E-1,-3.526666260E-1,6.529421997E-1
9.821892042E0,2.612068176E-1,-3.365002441E-1,4.508624268E-1
9.831854042E0,2.824626160E-1,-3.079096985E-1,3.019221497E-1
9.841816042E0,3.611988831E-1,-2.957849121E-1,1.796264648E-1
9.851777042E0,3.604504395E-1,-3.480262756E-1,-9.355545044E-2
9.861739042E0,7.634124756E-3,-7.256909180E-1,-3.236120453E0
9.871701042E0,-3.327580261E-1,-1.729802856E0,-7.393275604E0
9.881662042E0,4.261637878E-1,-2.617906036E0,-5.987099762E0
9.891624042E0,7.587721252E-1,-3.035687256E0,-2.744692383E0
9.901586042E0,4.505630493E-1,-2.610122223E0,1.688339081E0
9.911548042E0,3.787124634E-2,-2.546055450E0,3.977079620E0
9.921509042E0,8.294252014E-1,-4.622836761E0,-2.337389374E0
9.931471042E0,4.176464996E0,-1.588541611E1,-1.791294983E1
9.941433042E0,5.494324493E0,-2.747955597E1,-1.344773529E1
9.951394042E0,3.428769836E0,-2.813758759E1,-2.627635803E0
9.961356042E0,1.770817566E0,-2.673665085E1,-1.919458466E0
9.971318042E0,2.087558899E0,-2.414673660E1,-1.063613205E1
9.981280042E0,8.580157471E-1,-1.985171814E1,-8.990154877E0
9.991241042E0,-1.573228455E-1,-1.781176025E1,1.278341675E-1
1.000120304E1,5.050497437E-1,-1.583377350E1,1.977837067E0
1.001116504E1,1.908531189E0,-1.466305801E1,-2.996768188E0
1.002112704E1,3.779939575E0,-1.435634583E1,-1.266606079E1
1.003108804E1,3.686833191E0,-1.510463974E1,-1.520582932E1
1.004105004E1,2.333198090E0,-1.548499878E1,-1.217373459E1
1.005101204E1,1.310375061E0,-1.429138092E1,-1.047596512E1
1.006097304E1,5.698649597E-1,-1.252056335E1,-1.126153152E1
1.007093504E1,2.499801636E-2,-1.156031021E1,-1.137783966E1
1.008089704E1,-2.772235107E-1,-1.115345627E1,-8.286767578E0
1.009085904E1,-4.373904419E-1,-1.141645935E1,-6.764732666E0
1.010082004E1,-2.306703186E-1,-1.304911423E1,-6.148613892E0
1.011078204E1,8.057743835E-1,-1.498533783E1,-5.876928864E0
1.012074400E1,1.965861969E0,-1.638313110E1,-5.448519745E0
1.013070500E1,2.590662689E0,-1.733724701E1,-4.810995483E0
1.014066700E1,2.811154175E0,-1.774350220E1,-4.906646576E0
1.015062900E1,2.609822845E0,-1.751223312E1,-5.409900055E0
1.016059100E1,2.520159302E0,-1.721884323E1,-5.818400574E0
1.017055200E1,2.720442810E0,-1.722947113E1,-6.120173035E0
1.018051400E1,2.826272736E0,-1.749307297E1,-6.621181183E0
1.019047600E1,2.523452454E0,-1.795127014E1,-7.320377197E0
1.020043700E1,2.235451355E0,-1.839075623E1,-6.983577576E0
1.021039900E1,2.096989288E0,-1.842563370E1,-6.528374176E0
1.022036100E1,1.829345856E0,-1.836845261E1,-6.053711243E0
1.023032300E1,1.581611023E0,-1.798405197E1,-4.883893890E0
1.024028400E1,1.756597137E0,-1.724114685E1,-4.489913177E0
1.025024600E1,2.106269989E0,-1.631951340E1,-4.733456726E0
1.026020800E1,2.226320343E0,-1.521660690E1,-4.158951416E0
1.027016900E1,2.416724396E0,-1.382719620E1,-4.010310516E0
1.028013100E1,2.253114624E0,-1.192659851E1,-3.938609619E0
1.029009300E1,1.794618073E0,-9.908644867E0,-3.760030975E0
1.030005500E1,1.738035736E0,-8.358917542E0,-3.757037201E0
1.031001600E1,1.679956512E0,-6.540798340E0,-3.519630890E0
1.031997800E1,1.855541382E0,-4.883145447E0,-3.634142761E0
1.032994000E1,1.521136780E0,-3.584595795E0,-3.462898865E0
1.033990200E1,9.123527527E-1,-2.438578949E0,-2.690056000E0
1.034986300E1,4.483177185E-1,-1.467099152E0,-1.802252197E0
1.035982500E1,1.437011719E-2,-6.789880371E-1,-1.160836029E0
1.036978700E1,-3.953279114E-1,-6.107299805E-2,-4.328997803E-1
1.037974800E1,-6.282435608E-1,2.480342102E-1,1.456471252E-1
1.038971000E1,-7.770341492E-1,4.358935547E-1,5.083428955E-1
1.039967200E1,-8.848100281E-1,4.402345276E-1,5.876779175E-1
1.040963400E1,-9.539662170E-1,4.305047607E-1,4.614903259E-1
1.041959500E1,-9.295669556E-1,4.797523499E-1,-6.780899048E-2
1.042955700E1,-9.566606140E-1,6.712042236E-1,-1.335522766E0
1.043951900E1,-1.034049683E0,9.024732971E-1,-2.649340668E0
1.044948000E1,-1.282233582E0,9.868977356E-1,-3.175346832E0
1.045944200E1,-1.464704132E0,9.639953613E-1,-3.173700256E0
1.046940400E1,-1.400188293E0,8.969348145E-1,-2.729723511E0
1.047936600E1,-1.062640228E0,6.015989685E-1,-2.249671783E0
1.048932700E1,-1.076411591E0,1.390608215E-1,-1.646725616E0
1.049928900E1,-1.236129456E0,-3.171903992E-1,-8.059240723E-1
1.050925100E1,-9.656419373E-1,-5.562432861E-1,2.755769348E-1
1.051921300E1,-6.833290100E-1,-5.230123901E-1,1.038540344E0
1.052917400E1,-5.367837524E-1,-4.381388855E-1,1.243763580E0
1.053913600E1,-2.872526550E-1,-3.638932800E-1,1.294657745E0
1.054909800E1,1.646575928E-3,-2.824626160E-1,1.193168793E0
1.055906000E1,1.827699280E-1,-1.854643250E-1,8.628057861E-1
1.056902100E1,1.577719116E-1,-2.161505127E-1,4.432283020E-1
1.057898300E1,1.318757629E-1,-2.134561157E-1,9.550140381E-2
1.058894500E1,2.850073242E-1,-2.387535095E-1,-8.878038025E-1
1.059890600E1,8.705895996E-1,-6.517446899E-1,-3.714675293E0
1.060886800E1,1.566941528E0,-1.010847931E0,-3.370540924E0
1.061883000E1,2.176623688E0,-1.463207245E0,-2.065105591E0
1.062879200E1,1.586251373E0,-1.989961853E0,-1.143621826E-1
1.063875300E1,1.435814209E0,-3.034938812E0,-1.161883850E0
1.064871500E1,1.624272308E0,-7.960745544E0,-1.985620880E0
1.065867700E1,1.063238983E0,-1.815828964E1,-2.079775085E0
1.066863800E1,1.382525024E0,-2.509381714E1,-2.095492401E0
1.067860000E1,1.921105042E0,-2.844175507E1,-6.710545349E-1
1.068856200E1,3.629951477E0,-2.862542313E1,-4.438719635E0
1.069852400E1,3.992048492E0,-2.694142502E1,-2.317361023E1
1.070848500E1,-2.846780090E0,-3.043515976E1,-3.746573959E1
1.071844700E1,-1.677262115E0,-2.975198044E1,-1.368648880E1
1.072840900E1,3.551065521E0,-2.085343506E1,7.818092194E0
1.073837000E1,3.851041718E0,-1.367122055E1,6.465504913E0
1.074833200E1,2.375110931E0,-8.465944977E0,2.220332794E0
1.075829400E1,1.552122345E0,-3.791914673E0,-2.889291687E0
1.076825600E1,-4.086502075E-2,-2.276466064E0,-4.512665863E0
1.077821700E1,-2.766846313E0,-3.331322479E0,-9.318721619E0
1.078817900E1,-2.460134125E0,-8.988208923E0,-1.852996674E1
1.079814100E1,7.366181946E-1,-1.684402267E1,-1.301064423E1
1.080810300E1,1.594334564E0,-2.019839722E1,-4.112547913E0
1.081806400E1,-3.939807129E-1,-1.995156052E1,-2.878813477E0
1.082802600E1,-2.955005035E0,-1.710208603E1,-7.621251526E0
1.083798800E1,-1.938618622E0,-1.498189499E1,-7.752079468E0
1.084794900E1,-7.542814636E-1,-1.421219559E1,-3.015329590E0
1.085791100E1,-9.430389404E-2,-1.433224594E1,-3.156785431E0
1.086787300E1,1.642684021E0,-1.462623459E1,-5.829627228E0
1.087783500E1,3.075055389E0,-1.541105255E1,-7.048542480E0
1.088779600E1,3.485052795E0,-1.673759399E1,-6.012247467E0
1.089775800E1,3.467838593E0,-1.853221207E1,-6.319857788E0
1.090772000E1,4.156556396E0,-2.039404037E1,-7.914641418E0
1.091768100E1,4.640649719E0,-2.184542221E1,-8.943601685E0
1.092764300E1,3.632047119E0,-2.226919098E1,-6.664590912E0
1.093760500E1,2.130519562E0,-2.176698532E1,-5.139861603E0
1.094756700E1,8.199948120E-1,-2.102138580E1,-5.568570099E0
1.095752800E1,-2.936892700E-1,-2.036829391E1,-6.054160309E0
1.096749000E1,-1.142723694E0,-1.943408661E1,-5.074447632E0
1.097745200E1,-9.747729492E-1,-1.749561768E1,-4.393962708E0
1.098741300E1,-1.701960754E-1,-1.495614853E1,-4.597988434E0
1.099737500E1,2.773731995E-1,-1.247101639E1,-4.710554352E0
1.100733700E1,2.981799316E-1,-1.010758118E1,-4.263134766E0
1.101729900E1,6.186634827E-1,-7.583829346E0,-3.918701019E0
1.102726000E1,1.156195679E0,-5.693111115E0,-3.840413818E0
1.103722200E1,1.217867432E0,-4.123175812E0,-2.984942780E0
1.104718400E1,7.673043823E-1,-2.741848297E0,-1.881437531E0
1.105714600E1,5.375321960E-1,-1.738185425E0,-1.035097504E0
1.106710700E1,5.174739075E-1,-9.183403015E-1,-3.218307495E-1
1.107706900E1,5.405259705E-1,-2.877017212E-1,1.669029236E-1
1.108703100E1,3.243754578E-1,8.666976929E-2,5.303471375E-1
1.109699300E1,1.122665405E-2,3.474275208E-1,7.322772217E-1
1.110695400E1,-1.980381775E-1,4.598437500E-1,5.517526245E-1
1.111691600E1,-2.418969727E-1,5.499563599E-1,-2.435435486E-1
1.112687800E1,-1.122665405E-2,9.723779297E-1,-2.340383148E0
1.113683900E1,1.905537415E-1,1.279988251E0,-3.348536682E0
1.114680100E1,5.852828979E-2,1.298849030E0,-2.875370636E0
1.115676300E1,-1.008901978E-1,1.251397705E0,-2.176623688E0
1.116672500E1,-2.110610962E-1,1.292861481E0,-1.716031494E0
1.117668600E1,-5.391787720E-1,1.269060974E0,-1.512754211E0
1.118664800E1,-1.049617310E0,9.258247375E-1,-9.650431824E-1
1.119661000E1,-7.430548096E-1,2.847079468E-1,2.772235107E-1
1.120657200E1,-1.713935852E-1,-1.112187195E-1,1.035396881E0
1.121653300E1,-1.941462708E-1,-1.558259583E-1,1.003363495E0
1.122649500E1,1.407073975E-2,-1.598675537E-1,9.199868774E-1
1.123645700E1,1.022373962E-1,-1.571731567E-1,6.948550415E-1
1.124641800E1,7.903564453E-2,-1.663041687E-1,5.066963196E-1
1.125638000E1,2.200424194E-2,-2.435435486E-1,4.264631653E-1
1.126634200E1,-5.987548828E-3,-3.116519165E-1,4.007167053E-1
1.127630400E1,2.859054565E-2,-3.535647583E-1,4.718188477E-1
1.128626500E1,6.062393188E-2,-3.852987671E-1,5.872288513E-1
1.129622700E1,9.026229858E-2,-4.168830872E-1,6.011499023E-1
1.130618900E1,2.769241333E-2,-4.153862000E-1,3.881428528E-1
1.131615100E1,-2.559677124E-2,-6.794371033E-1,-1.252595215E0
1.132611200E1,3.486250305E-1,-1.676663361E0,-6.333479462E0
1.133607400E1,1.764081573E0,-2.644999695E0,-9.114246826E0
1.134603600E1,3.271446991E0,-3.797453156E0,-1.074854828E1
1.135599700E1,2.857707367E0,-4.477938080E0,-5.654491425E0
1.136595900E1,-6.944059753E-1,-4.677473145E0,4.270619202E0
1.137592100E1,-1.573677521E0,-7.228468323E0,5.672154694E0
1.138588300E1,-1.201102295E0,-1.157632690E1,4.289180603E0
1.139584400E1,-8.045768738E-1,-1.907677963E1,1.716929626E-1
1.140580600E1,-1.272354126E-2,-2.508842834E1,-1.222358093E1
1.141576800E1,1.427132263E0,-2.456361969E1,-1.923634781E1
1.142573000E1,3.000360718E0,-2.120625137E1,-7.356003113E0
1.143569100E1,1.941762085E0,-1.577359863E1,4.751119995E-1
1.144565300E1,6.047424316E-2,-1.281559982E1,-2.415077820E0
1.145561500E1,2.841091919E-1,-1.324355988E1,-1.054826477E1
1.146557600E1,3.229085083E0,-1.399080597E1,-7.814649353E0
1.147553800E1,4.899461517E0,-1.500973709E1,-5.836063843E0
1.148550000E1,3.237916718E0,-1.746912277E1,-1.281200729E1
1.149546200E1,1.057251434E0,-2.025303360E1,-1.777059586E1
1.150542300E1,-1.231938171E-1,-2.075943054E1,-1.209903992E1
1.151538500E1,-1.707050171E0,-1.896720749E1,-6.869215393E0
1.152534700E1,-3.542533264E0,-1.679432602E1,-9.902657318E0
1.153530800E1,-3.454366608E0,-1.469539078E1,-9.965825958E0
1.154527000E1,-3.659889221E-1,-1.207299408E1,-6.098468170E0
1.155523200E1,1.529669037E0,-1.113549362E1,-7.232659607E0
1.156519400E1,3.074157257E0,-1.241233841E1,-8.406817932E0
1.157515500E1,3.883823547E0,-1.479029343E1,-6.737040253E0
1.158511700E1,3.977678375E0,-1.705238937E1,-6.718029785E0
1.159507900E1,3.673510895E0,-1.862831223E1,-7.877219238E0
1.160504100E1,3.169658661E0,-1.967029541E1,-8.514593811E0
1.161500200E1,2.379002838E0,-1.994766861E1,-6.964716797E0
1.162496400E1,1.820963287E0,-1.936029007E1,-6.540199585E0
1.163492600E1,1.393152924E0,-1.836126755E1,-6.144123230E0
1.164488800E1,1.477876740E0,-1.739712250E1,-6.727011108E0
1.165484900E1,1.581760712E0,-1.698263443E1,-7.804620209E0
1.166481100E1,1.560504913E0,-1.705852661E1,-7.404053192E0
1.167477300E1,1.485959930E0,-1.743095215E1,-7.247778168E0
1.168473400E1,1.317709808E0,-1.777209274E1,-6.995702362E0
1.169469600E1,1.268312531E0,-1.775128601E1,-6.844067688E0
1.170465800E1,1.088985443E0,-1.724234436E1,-6.542295227E0
1.171462000E1,8.418493652E-1,-1.608135864E1,-5.456153870E0
1.172458100E1,6.897656250E-1,-1.461141541E1,-4.616100769E0
1.173454300E1,5.258564758E-1,-1.298983749E1,-4.178261261E0
1.174450500E1,3.242257690E-1,-1.117052078E1,-3.722159729E0
1.175446700E1,3.308120728E-1,-8.888665924E0,-3.227438507E0
1.176442800E1,6.152206421E-1,-6.688840485E0,-2.733316040E0
1.177439000E1,1.224004669E0,-4.647834778E0,-2.479593658E0
1.178435200E1,1.615440674E0,-2.772235107E0,-2.454146576E0
1.179431300E1,1.803749084E0,-1.359772339E0,-2.646197205E0
1.180427500E1,1.732347565E0,-4.171824646E-1,-2.705773315E0
1.181423700E1,1.407672729E0,1.113684082E-1,-1.932631073E0
1.182419900E1,9.536668396E-1,3.260220337E-1,-5.677693176E-1
1.183416000E1,4.444258118E-1,4.010160828E-1,7.972421265E-1
1.184412200E1,-1.309776306E-1,4.390370178E-1,1.558858337E0
1.185408400E1,-4.656816101E-1,4.403842163E-1,1.617087250E0
1.186404600E1,-6.592291260E-1,4.346960449E-1,1.233884125E0
1.187400700E1,-8.168513489E-1,4.282594299E-1,7.649093628E-1
1.188396900E1,-8.599617004E-1,4.463717651E-1,2.155517578E-1
1.189393100E1,-1.371148682E0,6.105802917E-1,-5.253475342E0
1.190389300E1,-1.231040039E0,9.901908875E-1,-1.326571381E1
1.191385400E1,-1.372645569E-1,1.020877075E0,-9.635612640E0
1.192381600E1,-6.976991272E-1,1.701960754E-1,-3.881428528E0
1.193377800E1,-9.289682007E-1,-8.487350464E-1,8.414002991E-1
1.194373900E1,-3.402424622E-1,-1.245410156E0,2.245929565E0
1.195370100E1,-1.396595764E-1,-9.367520142E-1,2.517614594E0
1.196366300E1,-3.149450684E-1,-5.682183838E-1,2.081271973E0
1.197362500E1,-2.044747925E-1,-2.974314880E-1,1.517993317E0
1.198358600E1,9.774673462E-2,-1.739382935E-1,7.912545776E-1
1.199354800E1,2.468367004E-1,-7.095245361E-2,4.595443726E-1
1.200351000E1,2.939886475E-1,1.571731567E-2,5.999523926E-1
1.201347200E1,4.405339050E-1,-4.191284180E-3,8.261320496E-1
1.202343300E1,6.213578796E-1,-1.172062683E-1,9.729766846E-1
1.203339500E1,6.697073364E-1,-2.517764282E-1,1.039588165E0
1.204335700E1,7.192543030E-1,-3.074606323E-1,1.069076843E0
1.205331800E1,8.184979248E-1,-3.558100891E-1,1.102307739E0
1.206328000E1,8.915460205E-1,-4.132905579E-1,1.118623810E0
1.207324200E1,1.055754547E0,-5.751040649E-1,1.181493073E0
1.208320400E1,3.709286499E0,-1.545835419E0,-7.694898376E0
1.209316500E1,8.006699982E0,-4.621489563E0,-1.766087402E1
1.210312700E1,2.240241394E0,-5.291196899E0,1.230141907E0
1.211308900E1,-8.463400269E-1,-7.081174622E0,4.618495789E0
1.212305062E1,-1.471739502E0,-1.006641678E1,-3.487747192E-1
1.213301163E1,-2.111359406E0,-1.654314835E1,-1.039139099E1
1.214297362E1,-1.406624908E0,-2.278861084E1,-1.012554382E1
1.215293563E1,1.583257599E0,-2.353720413E1,-5.706882477E0
1.216289762E1,2.692900085E0,-2.015079620E1,-6.266568604E0
1.217285863E1,4.228706360E-1,-1.654913589E1,-9.765093384E0
1.218282062E1,-8.566685486E-1,-1.454285797E1,-7.957452393E0
1.219278263E1,2.139051819E-1,-1.453881638E1,-8.131989441E0
1.220274362E1,1.530118103E0,-1.578093338E1,-1.124207199E1
1.221270563E1,2.929857330E0,-1.621772507E1,-1.038869659E1
1.222266762E1,3.280727692E0,-1.421593781E1,-7.599696350E0
1.223262963E1,2.089055786E0,-1.338351883E1,-9.153165894E0
1.224259062E1,2.726580048E0,-1.395952103E1,-1.212313980E1
1.225255263E1,4.014950867E0,-1.507081009E1,-1.248164429E1
1.226251462E1,3.419339447E0,-1.670825500E1,-1.135568573E1
1.227247663E1,2.470013580E0,-1.767180130E1,-1.015488281E1
1.228243762E1,2.137255554E0,-1.753768021E1,-9.006470947E0
1.229239963E1,2.196382599E0,-1.691287949E1,-8.809181213E0
1.230236162E1,2.621648254E0,-1.590188187E1,-7.995772705E0
1.231232363E1,3.566034393E0,-1.502201157E1,-7.101083221E0
1.232228462E1,4.804259491E0,-1.458087891E1,-7.142247620E0
1.233224663E1,5.326822815E0,-1.440454559E1,-7.572303314E0
1.234220862E1,4.899311829E0,-1.469958206E1,-8.159382477E0
1.235216963E1,4.103716278E0,-1.530507294E1,-8.678502960E0
1.236213162E1,3.197800140E0,-1.589784027E1,-8.767567749E0
1.237209363E1,2.226769409E0,-1.651216278E1,-8.465196533E0
1.238205562E1,1.469344482E0,-1.705373657E1,-7.966733093E0
1.239201663E1,1.065334625E0,-1.770622971E1,-8.775201874E0
1.240197862E1,9.544152832E-1,-1.817804855E1,-7.854167175E0
1.241194063E1,1.094673615E0,-1.814481766E1,-7.165449371E0
1.242190262E1,1.510957947E0,-1.792282928E1,-7.576494598E0
1.243186363E1,1.772913208E0,-1.762405060E1,-7.856412506E0
1.244182562E1,1.634301453E0,-1.722468109E1,-7.487729187E0
1.245178763E1,1.444645844E0,-1.638717270E1,-6.202651520E0
1.246174862E1,1.362317047E0,-1.489507553E1,-5.878575439E0
1.247171063E1,1.146465912E0,-1.300615356E1,-5.594017181E0
1.248167262E1,8.403524780E-1,-1.098894836E1,-4.551884308E0
1.249163463E1,7.306306458E-1,-8.922196198E0,-3.105442200E0
1.250159562E1,8.789721680E-1,-7.022945709E0,-1.934127960E0
1.251155763E1,1.030307465E0,-5.196743317E0,-1.452130280E0
1.252151962E1,1.304088135E0,-3.457210693E0,-1.160985718E0
1.253148163E1,1.356928253E0,-2.132166138E0,-8.629554749E-1
1.254144262E1,1.217717743E0,-1.084794159E0,-1.056353302E0
1.255140463E1,1.391506348E0,5.957611084E-2,-2.103725281E0
1.256136662E1,1.286873932E0,9.684860229E-1,-2.863395538E0
1.257132863E1,8.496331787E-1,1.397793274E0,-2.733465729E0
1.258128962E1,3.010240173E-1,1.340163116E0,-2.035467224E0
1.259125163E1,-1.960922241E-2,1.093775482E0,-1.337169342E0
1.260121362E1,-2.152523804E-1,7.593708801E-1,-7.852670288E-1
1.261117563E1,-3.109034729E-1,4.080514526E-1,1.182540894E-2
1.262113662E1,-5.632786560E-1,-2.844085693E-3,5.387297058E-1
1.263109863E1,-7.873626709E-1,-2.155517578E-1,4.767585754E-1
1.264106062E1,-7.771838379E-1,-3.505709839E-1,-1.688488770E-1
1.265102163E1,-1.535057831E0,-4.999603271E-1,-3.493285675E0
1.266098362E1,-1.869911499E0,-5.159770203E-1,-6.722221069E0
1.267094563E1,-4.626878357E-1,-4.712200928E-1,-5.860762482E0
1.268090762E1,2.896476746E-1,-6.596781921E-1,-4.134252777E0
1.269086863E1,2.113604736E-1,-9.065148926E-1,-2.262095947E0
1.270083062E1,3.629951477E-1,-9.851014709E-1,-7.691006470E-1
1.271079263E1,7.846682739E-1,-7.725434875E-1,1.311273193E-1
1.272075462E1,8.363108826E-1,-5.507048035E-1,9.163943481E-1
1.273071563E1,5.783972168E-1,-4.628375244E-1,1.298100586E0
1.274067762E1,4.113446045E-1,-5.583389282E-1,1.175206146E0
1.275063963E1,4.393363953E-1,-6.080355835E-1,8.708889771E-1
1.276060162E1,5.379812622E-1,-5.394781494E-1,7.327262878E-1
1.277056263E1,7.315287781E-1,-3.876937866E-1,6.679110718E-1
1.278052462E1,8.943901062E-1,-2.152523804E-1,8.041278076E-1
1.279048663E1,8.093669128E-1,-7.424560547E-2,1.177750854E0
1.280044862E1,6.237528992E-1,-8.681945801E-3,1.572180634E0
1.281040963E1,4.492158508E-1,-1.032852173E-2,1.848056946E0
1.282037162E1,3.844006348E-1,-2.802172852E-1,1.710193634E0
1.283033363E1,6.062393188E-1,-1.220561829E0,3.336561584E-1
1.284029462E1,7.761360168E-1,-3.365451508E0,-4.715045013E0
1.285025663E1,8.475375366E-1,-7.124135284E0,-6.999594269E0
1.286021862E1,1.052311707E0,-1.278910492E1,-7.536078644E0
1.287018063E1,2.315385132E0,-2.036904236E1,-1.143726608E1
1.288014162E1,4.649181976E0,-2.673440552E1,-1.134176468E1
1.289010363E1,5.729186096E0,-2.859159348E1,-2.371069336E0
1.290006562E1,4.725523224E0,-2.426050003E1,1.628613281E-1
1.291002763E1,2.365081787E0,-1.520538025E1,-4.523892517E0
1.291998862E1,9.669891357E-1,-1.023855881E1,-7.583230591E0
1.292995063E1,1.407073975E-1,-9.028325500E0,-6.001918945E0
1.293991262E1,1.930535431E0,-1.011416748E1,-5.634882202E0
1.294987463E1,4.333338776E0,-1.307231598E1,-8.940757599E0
1.295983562E1,5.468727722E0,-1.571731567E1,-1.188708069E1
1.296979763E1,4.328848114E0,-1.887425079E1,-1.337857910E1
1.297975962E1,2.649789734E0,-2.078248260E1,-1.358769424E1
1.298972163E1,1.488205261E0,-2.062515976E1,-1.148621429E1
1.299968262E1,4.358935547E-1,-1.829166229E1,-7.574997711E0
1.300964463E1,-1.893861694E0,-1.582149902E1,-6.854396210E0
1.301960662E1,-2.657274170E0,-1.428898590E1,-7.423512726E0
1.302956763E1,-1.690135345E0,-1.303803726E1,-7.597301331E0
1.303952962E1,1.403331757E0,-1.136825958E1,-6.707401886E0
1.304949163E1,4.441114655E0,-1.087952591E1,-5.930816803E0
1.305945362E1,5.945935364E0,-1.203302719E1,-7.181316376E0
1.306941463E1,6.411167908E0,-1.330328568E1,-8.693022766E0
1.307937662E1,6.150859222E0,-1.446516953E1,-8.715027008E0
1.308933863E1,5.315296783E0,-1.541314819E1,-9.089248810E0
1.309930062E1,3.739523621E0,-1.663790131E1,-9.244476013E0
1.310926163E1,2.024839325E0,-1.795231796E1,-9.171727295E0
1.311922362E1,6.036946106E-1,-1.906600204E1,-8.049960022E0
1.312918588E1,2.200424194E-2,-1.965442841E1,-8.106242981E0
1.313914788E1,-2.971321106E-1,-1.968571335E1,-8.108338623E0
1.314910888E1,-6.310876465E-1,-1.904025558E1,-6.892716522E0
1.315907088E1,-4.996609497E-1,-1.785951096E1,-6.413263550E0
1.316903288E1,-6.408174133E-1,-1.693353653E1,-6.070177002E0
1.317899488E1,-8.957373047E-1,-1.621368347E1,-5.179379425E0
1.318895588E1,-6.195616150E-1,-1.549936890E1,-5.554499359E0
1.319891788E1,-5.957611084E-2,-1.495480133E1,-5.484145660E0
1.320887988E1,2.405497742E-1,-1.430934357E1,-4.574487305E0
1.321884088E1,2.526745605E-1,-1.287053558E1,-4.002227325E0
1.322880288E1,2.659968567E-1,-1.070783295E1,-3.663781128E0
1.323876488E1,9.654922485E-2,-8.287516022E0,-3.254232788E0
1.324872688E1,1.392105103E-1,-6.254294128E0,-2.948718109E0
1.325868788E1,7.406597900E-1,-4.527335358E0,-3.095862122E0
1.326864988E1,1.190474396E0,-3.390299835E0,-3.340752869E0
1.327861188E1,1.184935913E0,-2.698139191E0,-3.254532166E0
1.328857388E1,1.203347626E0,-1.946552124E0,-3.042273560E0
1.329853488E1,1.403331757E0,-1.189127197E0,-2.706970825E0
1.330849688E1,1.707648926E0,-3.719764709E-1,-2.173480225E0
1.331845888E1,1.795366516E0,5.942642212E-2,-9.074130249E-1
1.332842088E1,1.566941528E0,9.400451660E-2,3.453318787E-1
1.333838188E1,1.084195404E0,6.870712280E-2,7.387138367E-1
1.334834388E1,7.316784668E-1,1.601669312E-1,7.041357422E-1
1.335830588E1,5.858816528E-1,2.228865051E-1,4.022135925E-1
1.336826788E1,4.626878357E-1,2.609074402E-1,1.526824951E-1
1.337822888E1,7.280859375E-1,5.346881104E-1,-1.241518250E0
1.338819088E1,1.489103394E0,1.048419800E0,-3.502117310E0
1.339815288E1,8.535250854E-1,8.488847351E-1,-2.132016449E0
1.340811488E1,1.945953369E-2,5.912704468E-1,-9.939331055E-2
1.341807588E1,-1.311273193E-1,4.308041382E-1,9.029223633E-1
1.342803788E1,-6.107299805E-2,1.583706665E-1,1.113235016E0
1.343799988E1,-2.110610962E-2,6.990463257E-2,8.128097534E-1
1.344796188E1,5.328918457E-2,1.468446350E-1,7.060816956E-1
1.345792288E1,3.457809448E-1,9.834548950E-2,6.849755859E-1
1.346788488E1,4.980143738E-1,-6.960525513E-2,6.035449219E-1
1.347784688E1,3.793112183E-1,-2.694396973E-1,5.457650757E-1
1.348780888E1,2.359094238E-1,-4.677772522E-1,5.270539856E-1
1.349776988E1,2.136058044E-1,-6.580316162E-1,5.860313416E-1
1.350773188E1,2.502795410E-1,-7.990383911E-1,6.491999817E-1
1.351769388E1,3.144960022E-1,-9.246272278E-1,7.990383911E-1
1.352765588E1,3.784130859E-1,-1.056353302E0,9.852511597E-1
1.353761688E1,3.677851868E-1,-1.159638519E0,1.148561554E0
1.354757888E1,2.688409424E-1,-1.363364868E0,1.173110504E0
1.355754088E1,-1.332229614E-1,-1.732347565E0,-1.036295013E0
1.356750188E1,2.231858826E-1,-4.543202362E0,-1.582763626E1
1.357746388E1,2.960094452E0,-8.014034729E0,-1.679746948E1
1.358742588E1,1.508712616E0,-8.511899414E0,-1.149609375E-1
1.359738788E1,-1.832040253E0,-9.290729828E0,9.615704041E0
1.360734888E1,-1.771116943E0,-1.270303391E1,5.895340576E0
1.361731088E1,-1.341510315E0,-1.615979553E1,-1.748214569E0
1.362727288E1,-3.685336304E-1,-2.200933136E1,-1.462638428E1
1.363723488E1,2.529140625E0,-2.150428162E1,-1.596235611E1
1.364719588E1,3.139421539E0,-1.840722198E1,-1.047641418E1
1.365715788E1,1.547332306E0,-1.625844040E1,-7.271878052E0
1.366711988E1,1.622476044E0,-1.519041138E1,-4.088597717E0
1.367708188E1,2.334395599E0,-1.701975723E1,-4.776417389E0
1.368704288E1,3.289409637E0,-2.103979752E1,-1.423419983E1
1.369700488E1,5.497168579E0,-2.157089310E1,-1.613479752E1
1.370696688E1,5.658083954E0,-1.852248230E1,-7.518714752E0
1.371692888E1,2.569706268E0,-1.496108826E1,-5.608986053E0
1.372688988E1,3.245251465E-1,-1.365161133E1,-9.129066010E0
1.373685188E1,3.092718658E0,-1.205862396E1,-9.070537720E0
1.374681388E1,5.378914490E0,-1.128443390E1,-8.199049988E0
1.375677588E1,4.603377228E0,-1.248852997E1,-8.053702240E0
1.376673688E1,3.217409363E0,-1.437805069E1,-9.412576447E0
1.377669888E1,2.048789520E0,-1.603660172E1,-8.362360382E0
1.378666088E1,9.208850098E-1,-1.676184357E1,-6.779551849E0
1.379662288E1,4.252656555E-1,-1.715806961E1,-7.576195221E0
1.380658388E1,3.826043701E-1,-1.772568924E1,-7.803273010E0
1.381654588E1,5.201683044E-1,-1.798285446E1,-7.174131317E0
1.382650788E1,6.276448059E-1,-1.803449707E1,-7.711364136E0
1.383646988E1,5.924679565E-1,-1.829764984E1,-7.181765442E0
1.384643088E1,7.973918152E-1,-1.849568802E1,-6.487958221E0
1.385639288E1,1.007854156E0,-1.849089798E1,-6.567143555E0
1.386635488E1,1.434317322E0,-1.819271805E1,-6.769672394E0
1.387631588E1,2.225122833E0,-1.764425858E1,-7.081024933E0
1.388627788E1,2.788251801E0,-1.709430222E1,-6.536157990E0
1.389623988E1,3.278033295E0,-1.652159317E1,-5.864205322E0
1.390620188E1,3.361409912E0,-1.613779129E1,-5.310955811E0
1.391616288E1,3.078647919E0,-1.558514053E1,-4.791835327E0
1.392612488E1,2.391277313E0,-1.434107758E1,-3.894002380E0
1.393608688E1,2.204914856E0,-1.250245102E1,-3.520379333E0
1.394604888E1,1.968406677E0,-1.022269180E1,-3.221750336E0
1.395600988E1,1.810634766E0,-8.107889557E0,-2.813100128E0
1.396597188E1,1.597777405E0,-6.043831787E0,-2.576142883E0
1.397593388E1,1.760039978E0,-4.208049316E0,-2.307601318E0
1.398589588E1,2.145039368E0,-2.871029663E0,-2.245330811E0
1.399585688E1,2.246528320E0,-1.930834808E0,-2.612816620E0
1.400581888E1,1.807640991E0,-1.258732452E0,-2.483635254E0
1.401578088E1,1.481918335E0,-7.580236816E-1,-1.565893707E0
1.402574288E1,1.195563812E0,-4.399351501E-1,-6.809339905E-1
1.403570388E1,8.334667969E-1,-1.673519897E-1,-5.927673340E-2
1.404566588E1,6.146218872E-1,9.894424438E-2,3.930825806E-1
1.405562788E1,5.105882263E-1,2.495310974E-1,4.583468628E-1
1.406558988E1,2.715353394E-1,3.399430847E-1,3.200344849E-1
1.407555088E1,-1.148112488E-1,3.653901672E-1,-1.802252197E-1
1.408551288E1,-5.776487732E-1,3.851490784E-1,-1.373992767E0
1.409547488E1,-1.476230164E0,3.164419556E-1,-3.706292725E0
1.410543688E1,-2.108215942E0,5.149291992E-2,-5.279521179E0
1.411539788E1,-1.732646942E0,-2.091151428E-1,-5.661227417E0
1.412535992E1,-6.345304871E-1,-3.959266663E-1,-4.854255524E0
1.413532192E1,-1.164578247E-1,-6.168672180E-1,-3.134631500E0
1.414528392E1,-3.236270142E-1,-7.855664063E-1,-7.685018921E-1
1.415524492E1,-1.481918335E-2,-7.036866760E-1,2.455044708E0
1.416520692E1,4.773573303E-1,-4.559518433E-1,3.299738159E0
1.417516892E1,3.119512939E-1,-3.570075989E-1,2.296524353E0
1.418513092E1,3.571572876E-1,-3.782633972E-1,1.937121735E0
1.419509192E1,5.501060486E-1,-2.475851440E-1,1.787582703E0
1.420505392E1,6.116281128E-1,-1.089733887E-1,1.457369385E0
1.421501592E1,6.375242615E-1,-1.357676697E-1,1.160686340E0
1.422497792E1,6.059399414E-1,-1.324745178E-1,9.234297180E-1
1.423493892E1,5.774990845E-1,-1.407073975E-1,6.809339905E-1
1.424490092E1,5.351371765E-1,-1.818717957E-1,4.992118835E-1
1.425486292E1,4.456233215E-1,-2.628533936E-1,1.377136230E-2
1.426482492E1,-1.618584137E0,-1.771416321E0,-1.084120560E1
1.427478592E1,-2.617307281E0,-4.141587524E0,-1.174098450E1
1.428474792E1,9.475296021E-2,-3.946094055E0,-8.961863708E-1
1.429470992E1,1.052461395E0,-4.011508026E0,1.866169281E0
1.430467192E1,8.512797546E-1,-5.840255127E0,-3.321592712E-1
1.431463292E1,2.969674530E0,-1.211086533E1,-1.460827194E1
1.432459492E1,6.837780762E0,-1.833147949E1,-1.238255035E1
1.433455692E1,4.307292938E0,-1.915491714E1,1.648521881E0
1.434451892E1,4.447251892E-1,-1.852442825E1,2.491119690E0
1.435447992E1,1.133442993E0,-1.744726822E1,-1.090931396E0
1.436444192E1,2.653831329E0,-1.788600586E1,-7.517068176E0
1.437440392E1,4.903203735E0,-1.717034409E1,-1.428733932E1
1.438436592E1,6.428082733E0,-1.878922760E1,-1.598376160E1
1.439432692E1,6.023324432E0,-2.129456772E1,-1.831441498E1
1.440428892E1,5.075196075E0,-2.137090897E1,-1.557600952E1
1.441425092E1,4.218078461E0,-1.886377258E1,-7.012766876E0
1.442421292E1,2.423610077E0,-1.546164734E1,-5.172194366E0
1.443417392E1,-6.316864014E-2,-1.319206696E1,-1.007644592E1
1.444413592E1,8.913963318E-1,-1.052401520E1,-8.015381927E0
1.445409792E1,6.704557800E-1,-1.022763153E1,-2.391427002E0
1.446405992E1,-6.481521606E-2,-1.211430817E1,-4.001778259E0
1.447402092E1,1.122815094E0,-1.508143799E1,-8.623417511E0
1.448398292E1,2.489024048E0,-1.800545746E1,-8.841663666E0
1.449394492E1,2.962190094E0,-1.968376740E1,-7.028783569E0
1.450390692E1,3.802692261E0,-1.997640884E1,-6.894213409E0
1.451386792E1,5.108576660E0,-1.864103577E1,-8.002808075E0
1.452382992E1,5.739963684E0,-1.675944855E1,-8.784033508E0
1.453379192E1,5.388644257E0,-1.552182220E1,-8.215366058E0
1.454375392E1,3.785478058E0,-1.551568497E1,-7.854017487E0
1.455371492E1,1.838027802E0,-1.652937698E1,-8.004754028E0
1.456367692E1,4.715194702E-1,-1.758423340E1,-8.330776062E0
1.457363892E1,-2.279759216E-1,-1.818972427E1,-8.059839478E0
1.458360092E1,-4.041595459E-2,-1.850092712E1,-7.608078918E0
1.459356192E1,6.680607605E-1,-1.851080658E1,-7.354506226E0
1.460352392E1,1.292861481E0,-1.802237228E1,-6.444548492E0
1.461348592E1,1.706002350E0,-1.704265961E1,-5.886359253E0
1.462344792E1,2.000440063E0,-1.573363174E1,-5.827830963E0
1.463340892E1,2.404150543E0,-1.412642395E1,-5.431754608E0
1.464337092E1,2.749632111E0,-1.238599319E1,-5.239853668E0
1.465333292E1,2.701731720E0,-1.072384964E1,-4.791086884E0
1.466329392E1,2.470312958E0,-9.269324341E0,-4.212689667E0
1.467325592E1,2.381846924E0,-7.644453278E0,-3.782933350E0
1.468321792E1,2.275118866E0,-5.818400574E0,-3.430416412E0
1.469317992E1,1.994003448E0,-3.854035492E0,-3.072211304E0
1.470314092E1,1.723515930E0,-2.063009949E0,-2.699187012E0
1.471310292E1,1.413061523E0,-9.669891357E-1,-2.194885712E0
1.472306492E1,1.036594391E0,-5.011578369E-1,-1.562750244E0
1.473302692E1,6.397695923E-1,-2.504292297E-1,-8.105644226E-1
1.474298892E1,4.243675232E-1,-1.389111328E-1,6.706054688E-2
1.475294992E1,3.218307495E-1,-7.933502197E-3,9.337582397E-1
1.476291192E1,2.249821472E-1,1.348695374E-1,1.150208130E0
1.477287392E1,1.516346741E-1,2.950364685E-1,8.810678101E-1
1.478283592E1,3.323089600E-2,3.848497009E-1,6.381230164E-1
1.479279692E1,-7.005432129E-2,4.510121155E-1,4.802014160E-1
1.480275892E1,-2.573149109E-1,5.580395508E-1,-1.633103943E-1
1.481272092E1,-3.983216858E-1,1.134490814E0,-3.424728241E0
1.482268292E1,-4.492158508E-1,1.648970947E0,-5.794600067E0
1.483264392E1,-6.774911499E-1,1.581161957E0,-4.712649994E0
1.484260592E1,-1.079704742E0,1.168470154E0,-2.585573273E0
1.485256792E1,-1.147214355E0,3.143463135E-3,-3.487747192E-1
1.486252992E1,-7.720944214E-1,-1.084494781E0,1.432371368E0
1.487249092E1,-2.944377136E-1,-1.087787933E0,2.554887085E0
1.488245292E1,-2.137554932E-1,-8.449928284E-1,2.208208008E0
1.489241492E1,-1.886077881E-1,-6.643185425E-1,1.493294678E0
1.490237692E1,-2.874023438E-2,-3.888912964E-1,1.138233032E0
1.491233792E1,3.367996216E-2,-2.097138977E-1,8.711883545E-1
1.492229992E1,2.709365845E-2,-1.529818726E-1,6.580316162E-1
1.493226192E1,-9.819580078E-2,-2.068698120E-1,3.894900513E-1
1.494222392E1,-1.694476318E-1,-2.414479065E-1,2.579136658E-1
1.495218492E1,-1.706451416E-2,-1.901046753E-1,2.192939758E-1
1.496214692E1,1.231938171E-1,-2.215393066E-1,-4.266128540E-1
1.497210892E1,-1.525328064E-1,-1.225202179E0,-7.814948730E0
1.498207092E1,3.998185730E-1,-2.832859039E0,-9.413324890E0
1.499203192E1,1.159039764E0,-3.835174713E0,-5.716761932E0
1.500199392E1,1.780846710E0,-5.101391602E0,-5.669160919E0
1.501195592E1,1.612446899E0,-6.301895142E0,-1.115330658E0