"Time (s)","X (m/s^2)","Y (m/s^2)","Z (m/s^2)"
-2.197208334E-3,2.788551178E0,-9.393865356E0,-1.941462708E0
7.764791670E-3,2.595602417E0,-9.228758698E0,-2.097588043E0
1.772579167E-2,2.182611237E0,-8.984167328E0,-2.266736298E0
2.768779167E-2,1.478924561E0,-8.974886627E0,-2.515369263E0
3.764979167E-2,6.496490479E-1,-9.104966125E0,-2.796933746E0
4.761179167E-2,-1.962419128E-1,-9.451645203E0,-3.305276642E0
5.757279167E-2,-1.023571472E0,-9.874665527E0,-4.086951141E0
6.753479167E-2,-1.567240906E0,-9.998607788E0,-4.867877197E0
7.749679167E-2,-1.827250214E0,-9.801617432E0,-5.510790253E0
8.745879167E-2,-1.691931610E0,-9.257798309E0,-5.658533020E0
9.741979167E-2,-1.082399139E0,-8.501271515E0,-5.283562775E0
1.073817917E-1,-1.508862305E-1,-7.954308929E0,-4.604275360E0
1.173437917E-1,8.340655518E-1,-7.863747253E0,-3.577859802E0
1.273057917E-1,1.620380402E0,-8.165220337E0,-2.310894470E0
1.372667917E-1,2.096689911E0,-8.433761902E0,-1.274150391E0
1.472287917E-1,2.345023499E0,-8.526119843E0,-1.002016296E0
1.571907917E-1,2.346071320E0,-8.536598053E0,-1.444496155E0
1.671527917E-1,2.279010773E0,-8.378377075E0,-2.101180573E0
1.771137917E-1,2.603835297E0,-8.162675629E0,-2.356399841E0
1.870757917E-1,3.151696014E0,-7.976911926E0,-2.015858002E0
1.970377917E-1,3.640279999E0,-8.275690613E0,-1.117875366E0
2.069997917E-1,2.955753479E0,-9.359886017E0,-1.083746338E-1
2.169607917E-1,-4.331991577E-1,-1.042701691E1,1.732197876E0
2.269227917E-1,3.828738098E0,-1.031055908E1,-1.740879822E-1
2.368847917E-1,1.413510590E0,-9.979896698E0,-3.255130920E0
2.468467917E-1,9.641450500E-1,-1.035187317E1,-1.877994690E0
2.568077917E-1,3.707490234E0,-1.161030624E1,-3.793112183E-1
2.667697917E-1,4.585713959E0,-1.220576797E1,-2.510279846E-1
2.767317917E-1,4.738097076E0,-1.188393723E1,5.993536377E-1
2.866937917E-1,5.053341522E0,-1.011087433E1,3.177891541E-1
2.966547917E-1,5.761668549E0,-8.056995392E0,-5.942642212E-1
3.066167917E-1,5.330415344E0,-7.409441986E0,-2.320474548E0
3.165787917E-1,4.228856049E0,-7.882158966E0,-3.897594910E0
3.265407917E-1,3.292253723E0,-8.678652649E0,-4.778513031E0
3.365017917E-1,2.978057098E0,-9.436826019E0,-5.228177948E0
3.464637917E-1,2.986439667E0,-1.025906616E1,-5.124743042E0
3.564257917E-1,1.528770905E0,-1.077249847E1,-3.906725922E0
3.663877917E-1,2.457888794E-1,-1.091844498E1,-2.314487000E0
3.763487917E-1,1.621128845E-1,-1.074809921E1,-1.111289062E0
3.863107917E-1,1.782792664E-1,-1.040486298E1,-3.767665100E-1
3.962727917E-1,1.077758789E-1,-1.008228378E1,6.137237549E-3
4.062347917E-1,7.304809570E-2,-9.873168640E0,2.439926147E-1
4.161957917E-1,-1.152603149E-2,-9.640103302E0,5.411247253E-1
4.261577917E-1,-2.305206299E-2,-9.411378937E0,8.135581970E-1
4.361197917E-1,1.405577087E-1,-9.364226990E0,1.086590424E0
4.460810833E-1,5.080435181E-1,-9.465416565E0,1.216520233E0
4.560430833E-1,1.026116180E0,-9.607920227E0,1.194665680E0
4.660040833E-1,1.486708374E0,-9.736203461E0,1.050216064E0
4.759660833E-1,1.764231262E0,-9.772877197E0,9.589059448E-1
4.859280833E-1,1.891316986E0,-9.669142914E0,1.036145325E0
4.958900833E-1,1.836231537E0,-9.499545593E0,1.175804901E0
5.058510833E-1,1.734592896E0,-9.295070801E0,1.175804901E0
5.158130833E-1,1.679956512E0,-9.167086945E0,9.467811584E-1
5.257750833E-1,1.739233246E0,-9.072333984E0,6.412664795E-1
5.357370833E-1,1.943708038E0,-8.941206665E0,3.691323853E-1
5.456980833E-1,2.102228394E0,-8.833730164E0,1.875599670E-1
5.556600833E-1,2.227068787E0,-8.717422028E0,1.077758789E-2
5.656220833E-1,2.334994354E0,-8.596174164E0,-3.914360046E-1
5.755840833E-1,2.429597626E0,-8.505612488E0,-1.072669373E0
5.855450833E-1,2.462529144E0,-8.340056763E0,-1.621877289E0
5.955070833E-1,2.509082336E0,-8.177345123E0,-1.922452240E0
6.054690833E-1,2.635269928E0,-8.008795624E0,-1.827699280E0
6.154310833E-1,2.522853699E0,-7.880662079E0,-1.537901917E0
6.253920833E-1,2.233355713E0,-7.906258850E0,-1.299896851E0
6.353540833E-1,1.971550140E0,-8.158933411E0,-1.475182343E0
6.453160833E-1,1.938169556E0,-8.236472168E0,-1.721420288E0
6.552780833E-1,1.906435547E0,-8.186176758E0,-2.002984772E0
6.652390833E-1,1.822909241E0,-8.043074341E0,-2.265838165E0
6.752010833E-1,1.679058380E0,-8.020920410E0,-2.214494934E0
6.851630833E-1,1.288819885E0,-7.998467102E0,-1.979333954E0
6.951250833E-1,1.117426300E0,-7.839946747E0,-2.819686432E0
7.050860833E-1,8.087681580E-1,-8.020770721E0,-4.053570557E0
7.150480833E-1,5.837860107E-1,-8.332272949E0,-4.704866180E0
7.250100833E-1,5.692662048E-1,-8.403524780E0,-4.262835388E0
7.349720833E-1,7.108717346E-1,-8.390352173E0,-3.573518829E0
7.449340833E-1,1.124611359E0,-8.335117035E0,-3.542233887E0
7.548950833E-1,1.572929077E0,-8.132887573E0,-4.135599976E0
7.648570833E-1,2.328258362E0,-7.745792542E0,-4.873715057E0
7.748190833E-1,2.337688751E0,-7.376211090E0,-5.269192657E0
7.847810833E-1,2.209555206E0,-7.357200623E0,-4.953499146E0
7.947420833E-1,2.362836456E0,-7.375462646E0,-4.753515015E0
8.047040833E-1,2.458637238E0,-7.326364746E0,-4.694837036E0
8.146660833E-1,2.758314056E0,-7.029382324E0,-4.522844696E0
8.246280833E-1,3.008743286E0,-6.642287292E0,-4.014801178E0
8.345890833E-1,3.172951813E0,-6.466103668E0,-4.275259552E0
8.445510833E-1,3.660338287E0,-5.999823303E0,-5.748346252E0
8.545130833E-1,3.828887787E0,-5.636229401E0,-7.031028900E0
8.644750833E-1,3.703149261E0,-5.298980713E0,-6.824907532E0
8.744360833E-1,3.339255981E0,-4.927303619E0,-6.367907867E0
8.843980833E-1,2.576591949E0,-4.948110352E0,-7.508386230E0
8.943600833E-1,1.532812500E0,-5.248236237E0,-8.105943604E0
9.043220833E-1,6.685098267E-1,-5.335654449E0,-7.533084869E0
9.142830833E-1,5.060975647E-1,-5.153483276E0,-6.320755920E0
9.242450833E-1,8.369096375E-1,-4.752616882E0,-5.796096954E0
9.342070833E-1,1.549128571E0,-4.210444336E0,-5.987848206E0
9.441690833E-1,2.168241119E0,-3.894301758E0,-6.640041962E0
9.541310833E-1,2.498155060E0,-3.956721954E0,-7.256310425E0
9.640920833E-1,2.361040192E0,-4.350552979E0,-7.458539886E0
9.740540833E-1,2.082020416E0,-4.590503998E0,-7.536976776E0
9.840160833E-1,2.270179138E0,-4.467160492E0,-8.286468201E0
9.939780833E-1,2.566113739E0,-4.067192230E0,-8.935069427E0
1.003939083E0,2.263592834E0,-3.600013733E0,-8.772507477E0
1.013901083E0,1.578467560E0,-3.126398621E0,-8.747808838E0
1.023863083E0,1.056802368E0,-2.702031097E0,-8.669222260E0
1.033825083E0,6.370751953E-1,-2.501897278E0,-8.344846802E0
1.043786083E0,7.065307617E-1,-2.319127350E0,-8.215216370E0
1.053748083E0,9.123527527E-1,-2.270628204E0,-8.649912415E0
1.063710083E0,1.452878723E0,-2.326911163E0,-9.042396240E0
1.073672083E0,1.748963013E0,-2.382595367E0,-9.026678925E0
1.083633083E0,2.098186798E0,-2.205214233E0,-9.487121429E0
1.093595083E0,2.589614868E0,-1.860331421E0,-9.725575562E0
1.103557083E0,2.660866699E0,-1.453178101E0,-9.801318054E0
1.113519083E0,2.368674316E0,-1.096020813E0,-9.398356018E0
1.123481083E0,1.948947144E0,-5.956114197E-1,-9.271270294E0
1.133442083E0,1.918410645E0,-9.011260986E-2,-8.551566925E0
1.143404083E0,2.271226959E0,3.492237854E-1,-8.593928833E0
1.153366083E0,2.775977325E0,3.396437073E-1,-9.140142975E0
1.163328083E0,2.930605774E0,-1.034349060E-1,-9.563612366E0
1.173289083E0,3.595074005E0,-4.082011414E-1,-1.077100159E1
1.183251083E0,4.179009705E0,3.721261597E-1,-9.298513641E0
1.193213083E0,3.953129425E0,1.150058441E0,-1.032627640E1
1.203175083E0,3.134481812E0,1.231788483E0,-9.537416840E0
1.213136083E0,1.700164490E0,1.416504364E0,-8.810229034E0
1.223098083E0,3.900888062E-1,2.026785278E0,-9.262738037E0
1.233060083E0,3.281176758E-1,2.308200073E0,-9.905651093E0
1.243022083E0,2.262694702E0,1.865570526E0,-1.062161224E1
1.252983083E0,3.662284241E0,1.963616638E0,-1.125165207E1
1.262945083E0,3.240311737E0,2.396067352E0,-1.020143600E1
1.272907083E0,2.330952759E0,2.204615479E0,-1.091365494E1
1.282869083E0,1.530567169E0,2.127226410E0,-1.034229309E1
1.292831083E0,1.240620117E0,2.570005646E0,-1.006447083E1
1.302792083E0,1.372944946E0,2.977907410E0,-9.980495453E0
1.312754083E0,1.958976288E0,3.188369751E0,-1.011656250E1
1.322716083E0,2.266885986E0,3.338657227E0,-9.314680023E0
1.332678083E0,2.450404358E0,3.447929993E0,-9.912237396E0
1.342639083E0,2.636018372E0,3.338657227E0,-1.050335815E1
1.352601083E0,2.242187347E0,3.517684937E0,-1.097637451E1
1.362563083E0,1.988914032E0,3.774101715E0,-1.094763428E1
1.372525083E0,1.807042236E0,3.232228546E0,-1.055634796E1
1.382486083E0,1.825603638E0,3.107986908E0,-1.030142807E1
1.392448083E0,2.443668365E0,3.387006683E0,-1.035217255E1
1.402410083E0,2.845432892E0,3.710633698E0,-1.059332108E1
1.412372083E0,3.159479828E0,4.074826355E0,-1.079210770E1
1.422333083E0,2.999462585E0,4.677024078E0,-1.093595856E1
1.432295083E0,2.482737122E0,4.513114929E0,-1.175400742E1
1.442257083E0,1.324296112E0,4.244573364E0,-1.200907700E1
1.452219292E0,6.623725891E-1,4.204756165E0,-1.195264435E1
1.462181292E0,7.911048889E-1,4.266278229E0,-1.136421799E1
1.472142292E0,1.341660004E0,4.573289795E0,-1.181912201E1
1.482104292E0,2.142195282E0,4.741689606E0,-1.190713898E1
1.492066292E0,2.714455261E0,4.844675446E0,-1.160611496E1
1.502028292E0,2.863395538E0,4.834346924E0,-1.230695755E1
1.511989292E0,2.849025421E0,4.736899567E0,-1.231459167E1
1.521951292E0,2.516417084E0,4.434079285E0,-1.185100571E1
1.531913292E0,2.600392456E0,4.046086121E0,-1.325598404E1
1.541875292E0,2.440824280E0,3.925736389E0,-1.280886383E1
1.551836292E0,2.312840424E0,3.874991913E0,-1.280197815E1
1.561798292E0,2.683170319E0,3.805835724E0,-1.311108536E1
1.571760292E0,2.893183594E0,3.956272888E0,-1.266501297E1
1.581722292E0,3.310216370E0,3.942501526E0,-1.277742920E1
1.591683292E0,3.069516907E0,3.815864868E0,-1.241398499E1
1.601645292E0,2.756517792E0,3.701652374E0,-1.278476395E1
1.611607292E0,2.569556580E0,3.603157196E0,-1.244122833E1
1.621569292E0,2.597698059E0,3.502416687E0,-1.216909424E1
1.631531292E0,2.908601532E0,3.467838593E0,-1.211834976E1
1.641492292E0,2.804118805E0,3.313808899E0,-1.205832458E1
1.651454292E0,2.471809845E0,3.099005585E0,-1.177795761E1
1.661416292E0,2.365680542E0,3.079845428E0,-1.116183884E1
1.671378292E0,2.361489258E0,3.144660645E0,-1.079989151E1
1.681339292E0,2.447260895E0,3.104693756E0,-1.103729782E1
1.691301292E0,2.537822571E0,3.006048889E0,-1.064316742E1
1.701263292E0,2.559078369E0,2.851570129E0,-1.049587372E1
1.711225292E0,2.478994904E0,2.606230316E0,-1.060305084E1
1.721186292E0,2.399210815E0,2.414778442E0,-1.028181885E1
1.731148292E0,2.243235168E0,2.258353729E0,-1.008093658E1
1.741110292E0,2.213147736E0,2.023941193E0,-1.000908600E1
1.751072292E0,2.391876068E0,1.829196167E0,-9.705966339E0
1.761033292E0,2.758164368E0,1.710942078E0,-1.004201752E1
1.770995292E0,2.742746429E0,1.447789307E0,-1.010353958E1
1.780957292E0,2.602039032E0,1.260229340E0,-1.006327332E1
1.790919292E0,2.559377747E0,1.080303497E0,-9.881551208E0
1.800881292E0,2.492915955E0,8.366102600E-1,-9.750573578E0
1.810842292E0,2.531835022E0,4.836442566E-1,-9.636959839E0
1.820804292E0,2.504741364E0,2.424957275E-2,-9.398056641E0
1.830766292E0,2.172432404E0,-4.128414917E-1,-9.612111511E0
1.840728292E0,1.886976013E0,-8.563691711E-1,-9.639055481E0
1.850689292E0,1.766027527E0,-1.313817902E0,-9.248218231E0
1.860651292E0,1.744921417E0,-1.675914917E0,-9.263336792E0
1.870613292E0,1.964365082E0,-1.938319244E0,-9.491612091E0
1.880575292E0,2.290686493E0,-2.183060303E0,-9.588460693E0
1.890536292E0,2.140848083E0,-2.527793427E0,-9.161997528E0
1.900498292E0,2.021246796E0,-2.729723511E0,-9.205107880E0
1.910460292E0,2.083517303E0,-2.864293671E0,-9.162596283E0
1.920422292E0,2.064955902E0,-3.025807800E0,-9.016200714E0
1.930384292E0,1.977986755E0,-3.196602631E0,-8.844358063E0
1.940345292E0,2.019899597E0,-3.388503571E0,-8.665330353E0
1.950307292E0,2.055226135E0,-3.660188599E0,-8.425379333E0
1.960269292E0,2.027533722E0,-3.953728180E0,-7.798033905E0
1.970231292E0,2.060614929E0,-4.189936981E0,-7.409891052E0
1.980192292E0,2.366279297E0,-4.385131073E0,-7.913743286E0
1.990154292E0,2.689008179E0,-4.638853455E0,-7.929161224E0
2.000116292E0,2.692451019E0,-4.965773621E0,-7.187303925E0
2.010078292E0,2.717598724E0,-5.204826508E0,-6.985074463E0
2.020039292E0,2.885549469E0,-5.454207916E0,-6.695426788E0
2.030001292E0,3.032693481E0,-5.705535278E0,-6.487658844E0
2.039963292E0,2.961591339E0,-5.910309448E0,-6.374045105E0
2.049925292E0,2.860551453E0,-5.984854431E0,-6.300098877E0
2.059886292E0,2.823428650E0,-6.046975250E0,-5.883964233E0
2.069848292E0,2.677482147E0,-6.114634552E0,-5.332211609E0
2.079810292E0,2.504441986E0,-6.118526459E0,-5.127437439E0
2.089772292E0,2.465971985E0,-6.076912994E0,-5.179978180E0
2.099733292E0,2.421664124E0,-6.052364044E0,-5.267546082E0
2.109695292E0,2.363135834E0,-5.926625519E0,-4.856051788E0
2.119657292E0,2.378404083E0,-5.848188629E0,-4.569547577E0
2.129619292E0,2.590962067E0,-5.705684967E0,-4.344864807E0
2.139580292E0,2.696193237E0,-5.575306091E0,-3.797303467E0
2.149542292E0,2.649190979E0,-5.505401459E0,-3.548820190E0
2.159504292E0,2.697690125E0,-5.538183289E0,-3.497476959E0
2.169466292E0,2.794688416E0,-5.679489441E0,-3.395688629E0
2.179428292E0,2.585124207E0,-6.276448059E0,-2.855312347E0
2.189389292E0,1.910327454E0,-7.545209656E0,-2.748584290E0
2.199351292E0,1.729653168E0,-8.257428589E0,-3.272494812E0
2.209313292E0,1.798959045E0,-8.181386719E0,-3.676055603E0
2.219275292E0,2.018402710E0,-7.894433441E0,-4.060456238E0
2.229236292E0,2.321372681E0,-7.550598450E0,-3.707639923E0
2.239198292E0,2.257156219E0,-7.150330811E0,-2.655328217E0
2.249160292E0,1.633852386E0,-6.755751343E0,-1.425335999E0
2.259122292E0,1.219514008E0,-6.332731018E0,-8.978329468E-1
2.269083292E0,8.707392883E-1,-6.111640778E0,-8.264314270E-1
2.279045292E0,7.836204529E-1,-6.000122681E0,-5.095404053E-1
2.289007292E0,1.025966492E0,-5.833968201E0,-3.052153015E-1
2.298969292E0,1.561852112E0,-5.831872559E0,-4.493655396E-1
2.308931292E0,2.075134735E0,-6.065836029E0,-7.506889343E-1
2.318892292E0,2.564317474E0,-6.562054138E0,-7.616162109E-1
2.328854292E0,2.532284088E0,-7.432494049E0,-3.381468201E-1
2.338816292E0,2.499502258E0,-8.751101990E0,3.891906738E-3
2.348778292E0,2.877017212E0,-9.950108643E0,4.671784973E-1
2.358739292E0,3.289110260E0,-1.097412918E1,8.087681580E-1
2.368701292E0,3.651806030E0,-1.174412796E1,1.130299530E0
2.378663292E0,4.197720795E0,-1.194575867E1,1.208586731E0
2.388625292E0,4.388424225E0,-1.124341919E1,1.021176453E0
2.398586292E0,3.830534363E0,-1.023601410E1,3.448828125E-1
2.408548292E0,2.993475037E0,-9.698930969E0,-4.634362793E-1
2.418510292E0,2.306403809E0,-9.577982483E0,-9.288185120E-1
2.428472292E0,1.728156281E0,-9.815089417E0,-1.467248840E0
2.438433292E0,1.316362610E0,-1.026220963E1,-1.965562592E0
2.448395958E0,1.026714935E0,-1.025861710E1,-2.293979645E0
2.458357958E0,1.133442993E0,-9.880353699E0,-2.597099304E0
2.468319958E0,1.792821808E0,-9.435179443E0,-2.576142883E0
2.478281958E0,2.604134674E0,-9.042994995E0,-2.199226685E0
2.488242958E0,3.247347107E0,-9.017547913E0,-1.846410370E0
2.498204958E0,3.554358673E0,-9.173673248E0,-1.654210052E0
2.508166958E0,3.553460541E0,-9.250463562E0,-1.452729034E0
2.518128958E0,3.178939362E0,-9.403445435E0,-1.159937897E0
2.528089958E0,2.640658722E0,-9.464069366E0,-8.741821289E-1
2.538051958E0,2.084265747E0,-9.472451935E0,-5.078938293E-1
2.548013958E0,1.745819550E0,-9.443112946E0,-2.061213684E-1
2.557975958E0,1.552571411E0,-9.354197845E0,-2.484832764E-2
2.567936958E0,1.363364868E0,-9.311686249E0,8.143066406E-2
2.577898958E0,1.216220856E0,-9.365424500E0,1.695973206E-1
2.587860958E0,1.138831787E0,-9.514065399E0,2.484832764E-1
2.597822958E0,1.227148132E0,-9.711654510E0,3.314108276E-1
2.607783958E0,1.429976349E0,-9.836494904E0,3.561094666E-1
2.617745958E0,1.683099976E0,-9.739496613E0,3.498225403E-1
2.627707958E0,1.983375549E0,-9.538015594E0,2.830613708E-1
2.637669958E0,2.193239136E0,-9.381590881E0,1.814227295E-1
2.647631958E0,2.261347504E0,-9.332043915E0,1.462458801E-1
2.657592958E0,2.215692444E0,-9.326206055E0,1.728904724E-1
2.667554958E0,2.159409485E0,-9.321266327E0,6.286926270E-2
2.677516958E0,2.088007965E0,-9.275162201E0,-1.869612122E-1
2.687478958E0,1.969454498E0,-9.224866791E0,-4.593946838E-1
2.697439958E0,1.851499786E0,-9.231602783E0,-7.936495972E-1
2.707401958E0,1.767374725E0,-9.146878967E0,-1.175954590E0
2.717363958E0,1.735341339E0,-9.018296356E0,-1.474284210E0
2.727325958E0,1.764979706E0,-8.782536621E0,-1.577868805E0
2.737286958E0,1.888173523E0,-8.483009491E0,-1.557361450E0
2.747248958E0,2.117346954E0,-8.201145630E0,-1.418001251E0
2.757210958E0,2.317630463E0,-8.031398621E0,-1.539698181E0
2.767172958E0,2.496957550E0,-8.010142822E0,-1.931134186E0
2.777133958E0,2.787952423E0,-8.069269867E0,-2.227966919E0
2.787095958E0,2.987936554E0,-8.102201385E0,-2.327958984E0
2.797057958E0,2.959196320E0,-7.874524841E0,-2.429747314E0
2.807019958E0,2.857557678E0,-7.572602692E0,-2.551444244E0
2.816980958E0,3.155887299E0,-7.278164978E0,-2.464026031E0
2.826942958E0,3.471580811E0,-7.026089172E0,-2.413431244E0
2.836904958E0,3.617826691E0,-6.881040802E0,-2.802771606E0
2.846866958E0,3.785777435E0,-6.709647217E0,-2.927013245E0
2.856828958E0,3.809577942E0,-6.408323822E0,-2.511477356E0
2.866789958E0,3.403622131E0,-6.010451202E0,-1.440005493E0
2.876751958E0,2.549198914E0,-5.620661774E0,-7.598199463E-1
2.886713958E0,1.447489929E0,-5.739813995E0,-1.675914917E0
2.896675958E0,7.177574158E-1,-6.502627716E0,-4.029171295E0
2.906636958E0,3.963757324E-1,-7.523953857E0,-6.559509430E0
2.916598958E0,3.935316467E-1,-8.477620697E0,-7.524702301E0
2.926560958E0,5.502557373E-1,-8.950187988E0,-5.819149017E0
2.936522958E0,3.844006348E-1,-8.960366821E0,-4.251459045E0
2.946483958E0,5.062472534E-1,-8.630003815E0,-4.070635071E0
2.956445958E0,1.849703522E0,-8.127798157E0,-4.497098236E0
2.966407958E0,3.774550781E0,-7.567363586E0,-4.730462952E0
2.976369958E0,5.221292267E0,-6.981481934E0,-5.252277832E0
2.986331958E0,5.736071777E0,-6.806795197E0,-5.907914429E0
2.996292958E0,4.893473969E0,-7.039261780E0,-5.856571198E0
3.006254958E0,3.636537781E0,-7.192842407E0,-4.673730927E0
3.016216958E0,3.039279785E0,-7.105723572E0,-4.418062592E0
3.026178958E0,3.420387268E0,-6.772666168E0,-5.290598145E0
3.036139958E0,3.650009766E0,-6.447093201E0,-5.463488617E0
3.046101958E0,3.203488312E0,-6.231990509E0,-5.834117889E0
3.056063958E0,2.792143707E0,-6.017037506E0,-6.082750854E0
3.066025958E0,2.627186737E0,-5.804479523E0,-6.153852997E0
3.075986958E0,2.753673706E0,-5.586981812E0,-6.524931335E0
3.085948958E0,3.025358734E0,-5.420677643E0,-6.742279358E0
3.095910958E0,3.166365509E0,-5.361251221E0,-6.712491302E0
3.105872958E0,3.018922119E0,-5.298381958E0,-6.911128235E0
3.115833958E0,2.725831604E0,-5.201533356E0,-7.258406067E0
3.125795958E0,2.342478790E0,-5.058281250E0,-7.210355988E0
3.135757958E0,2.034569092E0,-4.691094818E0,-7.534881134E0
3.145719958E0,2.005080414E0,-3.989803162E0,-7.835755463E0
3.155681958E0,1.991608429E0,-3.279530182E0,-7.231761475E0
3.165642958E0,1.926942902E0,-2.755170593E0,-6.721322937E0
3.175604958E0,2.477198639E0,-2.376009064E0,-7.994575195E0
3.185566958E0,2.703378296E0,-2.286794586E0,-8.781937866E0
3.195528958E0,2.313588867E0,-2.453996887E0,-8.127648468E0
3.205489958E0,2.119143219E0,-2.763403473E0,-8.065078583E0
3.215451958E0,2.200873260E0,-3.268303528E0,-8.735384674E0
3.225413958E0,2.592908020E0,-3.643423462E0,-8.937464447E0
3.235375958E0,3.155587921E0,-3.386407928E0,-8.189918976E0
3.245336958E0,3.139571228E0,-2.219883728E0,-8.494086456E0
3.255298958E0,2.890189819E0,-8.449928284E-1,-8.980724487E0
3.265260958E0,2.404749298E0,4.691244507E-1,-8.729696503E0
3.275222958E0,1.782044220E0,1.594484253E0,-8.338709564E0
3.285184958E0,1.724114685E0,1.951940918E0,-9.300908661E0
3.295145958E0,2.367776184E0,1.229692841E0,-9.188043365E0
3.305107958E0,3.184178467E0,1.110690308E-1,-9.637558594E0
3.315069958E0,3.656296692E0,-1.191372528E0,-1.013138168E1
3.325031958E0,3.335962830E0,-1.916614380E0,-9.944719849E0
3.334992958E0,3.167263641E0,-1.484013977E0,-1.035007690E1
3.344954958E0,2.912343750E0,-1.797761536E-1,-9.322463837E0
3.354916958E0,2.896027679E0,1.381926270E0,-9.674831085E0
3.364878958E0,2.561174011E0,2.233505402E0,-9.750423889E0
3.374839958E0,2.371518402E0,2.201621704E0,-1.004456223E1
3.384801958E0,2.935096436E0,1.684147797E0,-9.230405273E0
3.394763958E0,3.708837433E0,1.102307739E0,-1.001552261E1
3.404725958E0,4.151017914E0,1.266665955E0,-9.341174927E0
3.414687958E0,4.205354919E0,2.158960419E0,-9.135053558E0
3.424648958E0,4.581971741E0,3.240162048E0,-1.021775208E1
3.434610958E0,4.443659363E0,3.822151794E0,-9.601782990E0
3.444572958E0,3.830684052E0,3.955823822E0,-1.025412643E1
3.454534542E0,2.844534760E0,3.087180176E0,-9.263785858E0
3.464495542E0,2.485132141E0,1.970352631E0,-9.735754395E0
3.474457542E0,2.030078430E0,2.937641144E0,-8.843759308E0
3.484419542E0,2.177222443E0,4.957989807E0,-9.787546692E0
3.494381542E0,2.929408264E0,5.709127808E0,-9.314829712E0
3.504342542E0,3.422183533E0,4.804259491E0,-8.999285889E0
3.514304542E0,2.969973907E0,4.191882935E0,-8.689280548E0
3.524266542E0,2.226619720E0,3.860771484E0,-9.359287262E0
3.534228542E0,2.087409210E0,3.440744934E0,-9.925859070E0
3.544190542E0,1.419947205E0,3.426674194E0,-1.039109161E1
3.554151542E0,1.376088409E0,4.122277679E0,-1.126437561E1
3.564113542E0,1.231489105E0,4.423750763E0,-1.017314484E1
3.574075542E0,1.309027863E0,4.633464661E0,-1.144445114E1
3.584037542E0,1.504072266E0,5.096451874E0,-1.085916824E1
3.593998542E0,1.580563202E0,5.050497437E0,-1.075288925E1
3.603960542E0,1.770518188E0,4.826413422E0,-1.091649902E1
3.613922542E0,1.862876129E0,4.472249908E0,-1.061727127E1
3.623884542E0,1.697919159E0,4.309538269E0,-1.114986374E1
3.633845542E0,1.958976288E0,4.971461792E0,-1.189261917E1
3.643807542E0,2.181264038E0,5.495522003E0,-1.136915771E1
3.653769542E0,2.368674316E0,5.507347412E0,-1.134730316E1
3.663731542E0,2.717149658E0,5.367388458E0,-1.116857483E1
3.673693542E0,3.151696014E0,5.548511810E0,-1.200877762E1
3.683654542E0,3.204386444E0,6.055507507E0,-1.195818283E1
3.693616542E0,2.996768188E0,6.071973267E0,-1.196027847E1
3.703578542E0,3.079396362E0,5.798042908E0,-1.218705688E1
3.713540542E0,3.019969940E0,5.876928864E0,-1.193049042E1
3.723501542E0,2.824326782E0,5.810916138E0,-1.203153030E1
3.733463542E0,2.940485229E0,5.661077728E0,-1.230141907E1
3.743425542E0,3.126997375E0,5.560337219E0,-1.225142303E1
3.753387542E0,3.004552002E0,5.632636871E0,-1.211341003E1
3.763348542E0,2.880460052E0,5.489684143E0,-1.227222977E1
3.773310542E0,2.719694366E0,5.173691254E0,-1.230097000E1
3.783272542E0,2.542762299E0,5.091212769E0,-1.250679199E1
3.793234542E0,2.223176880E0,5.054389343E0,-1.217148926E1
3.803196542E0,2.208357697E0,4.891977081E0,-1.209799210E1
3.813157542E0,1.975891113E0,4.789290619E0,-1.147603546E1
3.823119542E0,2.498454437E0,4.710105286E0,-1.156644745E1
3.833081542E0,3.138972473E0,4.821623383E0,-1.108175537E1
3.843043542E0,3.157683563E0,4.834346924E0,-1.091649902E1
3.853004542E0,2.989732819E0,4.556524658E0,-1.123518631E1
3.862966542E0,2.531535645E0,4.428690491E0,-1.036025574E1
3.872928542E0,2.511028290E0,4.274511108E0,-1.005758514E1
3.882890542E0,2.841690674E0,4.048630829E0,-9.902657318E0
3.892851542E0,2.964136047E0,3.879482574E0,-9.661508789E0
3.902813542E0,2.964285736E0,3.743415527E0,-9.543554077E0
3.912775542E0,2.814597015E0,3.603905640E0,-9.313781891E0
3.922737542E0,2.621797943E0,3.480113068E0,-9.317224731E0
3.932699542E0,2.585573273E0,3.513643341E0,-9.500743103E0
3.942660542E0,2.446961517E0,3.509751434E0,-9.331445160E0
3.952622542E0,2.340682526E0,3.404071198E0,-8.740324402E0
3.962584542E0,2.214794312E0,3.322191467E0,-8.422684937E0
3.972546542E0,2.057321777E0,3.163371735E0,-8.479267273E0
3.982507542E0,2.157613220E0,2.848276978E0,-8.799900513E0
3.992469542E0,2.205363922E0,2.315534821E0,-8.855734406E0
4.002431542E0,2.403402100E0,1.851350098E0,-8.890312500E0
4.012393542E0,2.978057098E0,1.587448883E0,-8.849597168E0
4.022354542E0,3.396137695E0,1.432820435E0,-9.245224457E0
4.032316542E0,3.474873962E0,1.285975800E0,-9.399852905E0
4.042278542E0,3.055895233E0,9.074130249E-1,-9.389075317E0
4.052240542E0,2.474953308E0,5.200186157E-1,-9.470805359E0
4.062202542E0,2.087858276E0,3.112028503E-1,-9.194929047E0
4.072163542E0,2.292482758E0,2.546205139E-1,-9.426198120E0
4.082125542E0,2.640958099E0,-2.829116821E-2,-9.459279327E0
4.092087542E0,2.785108337E0,-4.451742554E-1,-9.204808502E0
4.102049542E0,2.977757721E0,-8.078700256E-1,-9.292226715E0
4.112010542E0,3.109334106E0,-1.200503540E0,-9.593250732E0
4.121972542E0,3.217109985E0,-1.613794098E0,-9.577533417E0
4.131934542E0,3.212319946E0,-1.947749634E0,-9.260492706E0
4.141896542E0,3.347788239E0,-2.148482208E0,-9.569150848E0
4.151857542E0,3.359763336E0,-2.309397583E0,-9.370064850E0
4.161819542E0,3.337010651E0,-2.399210815E0,-9.179660797E0
4.171781542E0,3.298091583E0,-2.532882843E0,-9.121581573E0
4.181743542E0,3.175346832E0,-2.802322540E0,-9.200467529E0
4.191705542E0,3.008892975E0,-3.181035004E0,-8.699908447E0
4.201666542E0,2.891836395E0,-3.557352448E0,-8.435707855E0
4.211628542E0,2.983595581E0,-3.910617828E0,-8.589288483E0
4.221590542E0,3.200494537E0,-4.237987061E0,-8.490194550E0
4.231552542E0,3.473526764E0,-4.486320648E0,-8.232879639E0
4.241513542E0,3.552861786E0,-4.737947388E0,-7.749684448E0
4.251475542E0,3.447780304E0,-4.953948212E0,-7.290439453E0
4.261437542E0,3.368894348E0,-5.119354248E0,-7.186106415E0
4.271399542E0,3.336860962E0,-5.260810089E0,-7.030130768E0
4.281361542E0,3.280877380E0,-5.330565033E0,-6.747967529E0
4.291322542E0,3.175197144E0,-5.444178772E0,-6.441704407E0
4.301284542E0,3.055895233E0,-5.520520020E0,-6.008654938E0
4.311246542E0,3.018473053E0,-5.611381073E0,-5.335055695E0
4.321208542E0,3.115770721E0,-5.620961151E0,-5.378914490E0
4.331169542E0,3.237018585E0,-5.618416443E0,-5.387147369E0
4.341131542E0,3.280727692E0,-5.597759399E0,-4.869823151E0
4.351093542E0,3.174299011E0,-5.557044067E0,-4.463118896E0
4.361055542E0,3.128494263E0,-5.432952118E0,-3.975732422E0
4.371016542E0,3.098257141E0,-5.300178223E0,-3.814667358E0
4.380978542E0,2.966980133E0,-5.260361023E0,-3.624862061E0
4.390940542E0,2.739453278E0,-5.291795654E0,-3.116968231E0
4.400902542E0,2.441872101E0,-5.447172546E0,-2.538271637E0
4.410864542E0,2.308948517E0,-5.822292480E0,-2.499202881E0
4.420825542E0,2.187101898E0,-6.766229553E0,-3.337908783E0
4.430787542E0,2.375110931E0,-7.526498566E0,-4.512216797E0
4.440749542E0,2.928510132E0,-7.657326508E0,-4.697232056E0
4.450711292E0,3.215912476E0,-7.688910828E0,-4.102518768E0
4.460672292E0,3.204087067E0,-7.624844055E0,-3.574866028E0
4.470634292E0,3.158282318E0,-7.545958099E0,-2.772235107E0
4.480596292E0,2.931054840E0,-7.333100739E0,-1.846709747E0
4.490558292E0,2.510878601E0,-6.918013916E0,-1.282832336E0
4.500519292E0,2.071841583E0,-6.738686829E0,-1.012943573E0
4.510481292E0,1.685045929E0,-6.740333405E0,-1.107397156E0
4.520443292E0,1.612446899E0,-6.743925934E0,-1.374441833E0
4.530405292E0,1.757195892E0,-6.665788422E0,-1.418001251E0
4.540367292E0,1.720522156E0,-6.703659668E0,-8.994795227E-1
4.550328292E0,1.628313904E0,-6.920259247E0,-1.480421448E-1
4.560290292E0,1.602717133E0,-7.239994354E0,4.337979126E-1
4.570252292E0,1.992356873E0,-7.700287170E0,5.801934814E-1
4.580214292E0,2.367776184E0,-8.212372284E0,4.326004028E-1
4.590175292E0,2.725232849E0,-8.662186890E0,3.441343689E-1
4.600137292E0,3.102448425E0,-9.153764648E0,1.907034302E-1
4.610099292E0,3.295995941E0,-9.595046997E0,2.559677124E-2
4.620061292E0,3.332969055E0,-9.851463776E0,1.796264648E-3
4.630022292E0,3.272943878E0,-1.006237518E1,5.942642212E-2
4.639984292E0,2.965782623E0,-1.026041336E1,7.110214233E-2
4.649946292E0,2.527194672E0,-1.038076309E1,1.279838562E-1
4.659908292E0,2.179767151E0,-1.001657043E1,2.838098145E-1
4.669870292E0,1.864223328E0,-9.632020111E0,4.155358887E-1
4.679831292E0,1.829495544E0,-9.599986725E0,4.872367859E-1
4.689793292E0,2.064506836E0,-9.747879181E0,5.851332092E-1
4.699755292E0,2.104473724E0,-1.011012589E1,4.638853455E-1
4.709717292E0,2.197879486E0,-1.043210632E1,-2.125579834E-2
4.719678292E0,2.373314667E0,-1.042836411E1,-6.074368286E-1
4.729640292E0,2.611170044E0,-1.028810577E1,-1.179696808E0
4.739602292E0,2.783761139E0,-9.941426697E0,-1.742526398E0
4.749564292E0,2.793790283E0,-9.425599365E0,-2.054477692E0
4.759526292E0,2.746638336E0,-8.962911530E0,-2.127226410E0
4.769487292E0,2.674638062E0,-8.793763275E0,-2.058070221E0
4.779449292E0,2.519261169E0,-8.909023590E0,-1.706301727E0
4.789411292E0,2.168839874E0,-9.217681732E0,-1.215771790E0
4.799373292E0,1.875599670E0,-9.555229797E0,-7.825726318E-1
4.809334292E0,1.544488220E0,-9.839488678E0,-5.364843750E-1
4.819296292E0,1.241368561E0,-9.928104401E0,-3.387455750E-1
4.829258292E0,1.057700500E0,-9.868528290E0,-1.005908203E-1
4.839220292E0,1.038540344E0,-9.766889648E0,-8.756790161E-2
4.849181292E0,1.086590424E0,-9.694140930E0,-2.227368164E-1
4.859143292E0,1.133592682E0,-9.552984467E0,-2.396516418E-1
4.869105292E0,1.152603149E0,-9.440119171E0,-7.499404907E-2
4.879067292E0,1.201251984E0,-9.318122864E0,5.598358154E-2
4.889029292E0,1.350491638E0,-9.213490448E0,4.565505981E-2
4.898990292E0,1.595532074E0,-9.170080719E0,7.888595581E-2
4.908952292E0,1.906435547E0,-9.139544220E0,1.005908203E-1
4.918914292E0,2.223176880E0,-9.135502625E0,1.854643250E-1
4.928876292E0,2.506687317E0,-9.147178345E0,3.180885315E-1
4.938837292E0,2.749183044E0,-9.103618927E0,2.803669739E-1
4.948799292E0,2.900967407E0,-8.943302307E0,1.591191101E-1
4.958761292E0,2.939138031E0,-8.754095764E0,-2.173480225E-1
4.968723292E0,3.048560486E0,-8.499624939E0,-5.998027039E-1
4.978685292E0,3.112776947E0,-8.271349640E0,-7.241940308E-1
4.988646292E0,3.036286011E0,-8.201594696E0,-7.819738770E-1
4.998608292E0,2.833158417E0,-8.270750885E0,-7.562274170E-1
5.008570292E0,2.661615143E0,-8.395441589E0,-7.220983887E-1
5.018532292E0,2.599793701E0,-8.327782288E0,-6.785389709E-1
5.028493292E0,2.546803894E0,-8.122259674E0,-8.325686646E-1
5.038455292E0,2.419269104E0,-7.957302704E0,-1.000519409E0
5.048417292E0,2.443668365E0,-7.803871765E0,-1.380429382E0
5.058379292E0,2.652334442E0,-7.889493713E0,-2.225721588E0
5.068340292E0,3.007695465E0,-8.186625824E0,-3.345393219E0
5.078302292E0,3.325933685E0,-8.187523956E0,-3.908821564E0
5.088264292E0,3.238964539E0,-7.728278961E0,-3.562441864E0
5.098226292E0,2.963387604E0,-7.222181396E0,-3.219205627E0
5.108188292E0,3.019221497E0,-6.760691071E0,-3.156036987E0
5.118149292E0,2.952759705E0,-6.396049347E0,-2.523153076E0
5.128111292E0,2.679727478E0,-5.681884460E0,-2.971620483E0
5.138073292E0,1.983974304E0,-5.202132111E0,-4.448000336E0
5.148035292E0,1.279988251E0,-5.282814331E0,-5.722450104E0
5.157996292E0,1.107995911E0,-6.007008362E0,-6.208639069E0
5.167958292E0,1.073866882E0,-6.964866486E0,-5.851481781E0
5.177920292E0,1.057850189E0,-7.617509308E0,-4.985831909E0
5.187882292E0,1.374292145E0,-7.934400330E0,-4.027075653E0
5.197844292E0,1.849404144E0,-8.220605164E0,-3.457210693E0
5.207805292E0,2.826572113E0,-8.627908173E0,-4.724625092E0
5.217767292E0,4.203109589E0,-8.610095215E0,-6.128256226E0
5.227729292E0,5.022056580E0,-8.083190918E0,-5.504952393E0
5.237691292E0,4.688999176E0,-7.578440552E0,-3.821103973E0
5.247652292E0,3.572620697E0,-7.344028015E0,-3.048111420E0
5.257614292E0,3.138523407E0,-6.909032593E0,-4.396357727E0
5.267576292E0,3.911066895E0,-6.202352142E0,-6.325396271E0
5.277538292E0,4.367168427E0,-5.503754883E0,-6.409371643E0
5.287499292E0,3.875590668E0,-5.244194641E0,-5.972879333E0
5.297461292E0,3.554957428E0,-5.299579468E0,-6.260581055E0
5.307423292E0,3.749253387E0,-5.151537323E0,-6.974147186E0
5.317385292E0,3.802542572E0,-5.159171448E0,-7.559430084E0
5.327347292E0,3.599265289E0,-5.433700562E0,-7.560328217E0
5.337308292E0,3.229234772E0,-5.833519135E0,-7.343279572E0
5.347270292E0,2.628833313E0,-6.055507507E0,-6.905440063E0
5.357232292E0,2.221380615E0,-6.103108521E0,-6.884633331E0
5.367194292E0,2.223027191E0,-6.044430542E0,-6.992409210E0
5.377155292E0,2.413431244E0,-5.693709869E0,-7.018155670E0
5.387117292E0,2.723735962E0,-5.070256348E0,-7.022197266E0
5.397079292E0,3.035986633E0,-4.287534027E0,-7.338788910E0
5.407041292E0,3.410058746E0,-3.452720032E0,-7.950566711E0
5.417003292E0,3.572471008E0,-2.789149933E0,-7.927963715E0
5.426964292E0,3.671415253E0,-2.385140076E0,-8.310119019E0
5.436926292E0,3.677402802E0,-2.240989838E0,-8.222551117E0
5.446888292E0,3.426524506E0,-2.134112091E0,-8.550668793E0
5.456850708E0,3.424877930E0,-2.204465790E0,-9.167985077E0
5.466811708E0,3.184028778E0,-2.385289764E0,-8.544082489E0
5.476773708E0,2.733316040E0,-2.402204590E0,-8.637488251E0
5.486735708E0,2.363285522E0,-2.486329651E0,-8.673413544E0
5.496697708E0,2.345023499E0,-2.393522644E0,-8.700956268E0
5.506659708E0,2.571203156E0,-2.224823456E0,-8.506510620E0
5.516620708E0,2.528092804E0,-2.048041077E0,-8.162975006E0
5.526582708E0,2.723586273E0,-1.667083282E0,-8.341553650E0
5.536544708E0,3.204236755E0,-1.191971283E0,-8.498577118E0
5.546506708E0,3.493285675E0,-6.738986206E-1,-8.873697052E0
5.556467708E0,3.476969604E0,-3.954776001E-1,-9.142987061E0
5.566429708E0,3.650009766E0,-2.529739380E-1,-9.407636719E0
5.576391708E0,4.037104797E0,-1.767823792E-1,-9.237141266E0
5.586353708E0,3.969445496E0,-3.414399719E-1,-9.797426147E0
5.596315708E0,3.605851593E0,-5.011578369E-1,-9.437873840E0
5.606276708E0,2.833607483E0,-4.333488464E-1,-8.638685760E0
5.616238708E0,2.497705994E0,7.843688965E-2,-9.147178345E0
5.626200708E0,2.027234344E0,8.226892090E-1,-9.696685638E0
5.636162708E0,1.241967316E0,1.658251648E0,-9.807604980E0
5.646123708E0,7.643106079E-1,2.461331635E0,-9.741592255E0
5.656085708E0,1.711391144E0,2.265987854E0,-1.082758392E1
5.666047708E0,2.949316864E0,1.373843079E0,-9.886790314E0
5.676009708E0,3.570375366E0,8.547225952E-1,-1.039588165E1
5.685971708E0,3.779340820E0,1.259929962E0,-1.038420593E1
5.695932708E0,3.228486328E0,1.856289825E0,-9.662706299E0
5.705894708E0,4.018094330E0,1.456770630E0,-1.037253021E1
5.715856708E0,4.211941223E0,1.197060699E0,-9.181606750E0
5.725818708E0,3.539988556E0,2.088157654E0,-9.499395905E0
5.735779708E0,3.229234772E0,3.295097809E0,-9.255552979E0
5.745741708E0,3.463198242E0,4.154760132E0,-9.447603607E0
5.755703708E0,3.644321594E0,4.267924805E0,-8.314759369E0
5.765665708E0,3.462000732E0,4.081861725E0,-8.437055054E0
5.775627708E0,3.044518890E0,4.090244293E0,-8.504265289E0
5.785588708E0,2.398013306E0,4.089645538E0,-8.613987122E0
5.795550708E0,2.373164978E0,4.382137299E0,-9.205107880E0
5.805512708E0,2.304308167E0,4.481530609E0,-8.951984253E0
5.815474708E0,2.404599609E0,4.663103027E0,-9.309291229E0
5.825435708E0,2.545606384E0,4.720882874E0,-9.919272766E0
5.835397708E0,2.692301331E0,4.446802826E0,-1.025128235E1
5.845359708E0,2.623893585E0,4.266427917E0,-9.966424713E0
5.855321708E0,2.716550903E0,3.816313934E0,-1.059885956E1
5.865283708E0,2.588117981E0,3.583697662E0,-1.050994446E1
5.875244708E0,2.332599335E0,3.786376190E0,-1.054542068E1
5.885206708E0,1.986968079E0,3.852987671E0,-1.063628174E1
5.895168708E0,1.545386353E0,4.075425110E0,-1.081590820E1
5.905130708E0,1.207239532E0,4.641098785E0,-1.027238846E1
5.915091708E0,1.324146423E0,5.085374908E0,-1.005848328E1
5.925053708E0,1.635948029E0,5.399571533E0,-1.036025574E1
5.935015708E0,1.819616089E0,5.661975861E0,-1.051368668E1
5.944977708E0,2.208357697E0,5.819598083E0,-1.050695068E1
5.954939708E0,2.517464905E0,5.775290222E0,-1.014260834E1
5.964900708E0,2.661615143E0,5.589227142E0,-1.041938278E1
5.974862708E0,2.592908020E0,5.524860992E0,-1.064331711E1
5.984824708E0,2.486629028E0,5.411247253E0,-1.064137115E1
5.994786708E0,2.527793427E0,5.484445038E0,-1.132395172E1
6.004748708E0,2.195484467E0,5.932014313E0,-1.105795486E1
6.014709708E0,2.720293121E0,5.737119598E0,-1.099269058E1
6.024671708E0,3.235970764E0,5.777685242E0,-1.098819992E1
6.034633708E0,3.237467651E0,5.991440735E0,-1.144894180E1
6.044595708E0,3.413800964E0,6.094426575E0,-1.154354507E1
6.054556708E0,3.142115936E0,6.008804626E0,-1.113654144E1
6.064518708E0,2.978206787E0,5.708379364E0,-1.157662628E1
6.074480708E0,2.778821411E0,5.797294464E0,-1.138966507E1
6.084442708E0,2.856958923E0,5.989345093E0,-1.157453064E1
6.094404708E0,2.964585114E0,5.885311432E0,-1.179786621E1
6.104365708E0,2.950065308E0,5.852379913E0,-1.147962799E1
6.114327708E0,2.813998260E0,5.814358978E0,-1.121153549E1
6.124289708E0,2.732866974E0,5.564977570E0,-1.109956833E1
6.134251708E0,2.742297363E0,5.376669159E0,-1.132155670E1
6.144212708E0,2.559078369E0,5.292394409E0,-1.135089569E1
6.154174708E0,2.551893311E0,5.014871521E0,-1.113130234E1
6.164136708E0,2.840642853E0,4.838538208E0,-1.144475052E1
6.174098708E0,2.924169159E0,4.649930420E0,-1.140822647E1
6.184060708E0,2.919977875E0,4.406686249E0,-1.111962662E1
6.194021708E0,2.898123322E0,4.237687683E0,-1.071890991E1
6.203983708E0,3.011138306E0,4.129911804E0,-1.059691360E1
6.213945708E0,2.975662079E0,4.062102814E0,-1.056128769E1
6.223907708E0,2.738854523E0,3.969445496E0,-1.043749512E1
6.233868708E0,2.639910278E0,3.930077362E0,-9.785451050E0
6.243830708E0,2.616259460E0,3.805536346E0,-9.470356293E0
6.253792708E0,2.678979034E0,3.520828400E0,-9.732012177E0
6.263754708E0,3.032543793E0,3.361110535E0,-9.952653351E0
6.273716708E0,3.165167999E0,3.303480377E0,-9.700577545E0
6.283677708E0,3.132535858E0,3.192111969E0,-9.269773407E0
6.293639708E0,3.276985474E0,3.019520874E0,-8.955427094E0
6.303601708E0,3.344794464E0,2.681523743E0,-8.977431335E0
6.313563708E0,3.472628632E0,2.337389374E0,-9.194180603E0
6.323524708E0,3.554957428E0,2.048340454E0,-9.356443176E0
6.333486708E0,3.326233063E0,1.805545349E0,-9.274114380E0
6.343448708E0,3.220403137E0,1.623074799E0,-9.194479980E0
6.353410708E0,3.225941620E0,1.353934479E0,-9.105415192E0
6.363372708E0,3.162623291E0,1.070873108E0,-9.167086945E0
6.373333708E0,3.093766479E0,8.044271851E-1,-9.446705475E0
6.383295708E0,2.849324799E0,5.480104065E-1,-9.931846619E0
6.393257708E0,2.641556854E0,1.529818726E-1,-1.007150620E1
6.403219708E0,2.509232025E0,-3.041674805E-1,-9.574090576E0
6.413181708E0,2.495610352E0,-7.194039917E-1,-9.150920563E0
6.423142708E0,2.670446777E0,-1.063238983E0,-9.321116638E0
6.433104708E0,2.718347168E0,-1.356179810E0,-9.392817535E0
6.443066708E0,2.643203430E0,-1.697021027E0,-9.104816437E0
6.453028667E0,2.606529694E0,-2.021695862E0,-8.734785919E0
6.462989667E0,2.845582581E0,-2.255809021E0,-8.846453705E0
6.472951667E0,2.999462585E0,-2.558778992E0,-8.575666809E0
6.482913667E0,2.933749237E0,-2.831212463E0,-8.230783997E0
6.492875667E0,2.961591339E0,-3.025658112E0,-7.949069824E0
6.502837667E0,2.994971924E0,-3.190166016E0,-7.877967682E0
6.512798667E0,3.123554535E0,-3.301983490E0,-8.389454041E0
6.522760667E0,3.153941345E0,-3.453019409E0,-8.306077423E0
6.532722667E0,2.982248383E0,-3.609893188E0,-7.699838104E0
6.542684667E0,2.888243866E0,-3.739074554E0,-7.084767151E0
6.552645667E0,2.861000519E0,-3.861519928E0,-6.817722473E0
6.562607667E0,2.943329315E0,-3.967948608E0,-6.761589203E0
6.572569667E0,2.938688965E0,-4.135300598E0,-6.909930725E0
6.582531667E0,2.839744720E0,-4.397704926E0,-6.836433563E0
6.592493667E0,2.845881958E0,-4.631967773E0,-6.228547668E0
6.602454667E0,2.824177094E0,-4.784350891E0,-5.553900604E0
6.612416667E0,2.717449036E0,-4.971611481E0,-5.197042694E0
6.622378667E0,2.819836121E0,-5.145699463E0,-5.547164612E0
6.632340667E0,2.960992584E0,-5.286406860E0,-5.658832397E0
6.642301667E0,2.952310638E0,-5.470523987E0,-5.203628998E0
6.652263667E0,2.858455811E0,-5.670807495E0,-4.728367310E0
6.662225667E0,2.935695190E0,-5.790857849E0,-4.323609009E0
6.672187667E0,2.965483246E0,-5.916147308E0,-4.004023590E0
6.682149667E0,3.008443909E0,-6.003715210E0,-3.621718597E0
6.692110667E0,2.979404297E0,-6.137985992E0,-3.115920410E0
6.702072667E0,2.822979584E0,-6.419101410E0,-2.713257751E0
6.712034667E0,2.806962891E0,-6.748416595E0,-2.293680267E0
6.721996667E0,2.698887634E0,-7.482939148E0,-2.094743958E0
6.731957667E0,1.992955627E0,-9.448950806E0,-2.287243652E0
6.741919667E0,1.843865662E0,-1.053269714E1,-2.931653595E0
6.751881667E0,2.724334717E0,-9.678872681E0,-3.843257904E0
6.761843667E0,3.113226013E0,-8.693471832E0,-4.065395966E0
6.771805667E0,2.742746429E0,-7.944279785E0,-3.762425995E0
6.781766667E0,2.383044434E0,-6.927444305E0,-3.083288269E0
6.791728667E0,2.078427887E0,-5.960904236E0,-2.244282990E0
6.801690667E0,2.007774811E0,-5.296735382E0,-1.754501495E0
6.811652667E0,2.152074738E0,-5.007087708E0,-1.672771454E0
6.821614667E0,2.225122833E0,-5.009931793E0,-1.564696198E0
6.831575667E0,2.314037933E0,-5.279371490E0,-1.434017944E0
6.841537667E0,2.309996338E0,-5.529651031E0,-1.066382446E0
6.851499667E0,2.308050385E0,-5.915997620E0,-4.393363953E-1
6.861461667E0,2.379152527E0,-6.631509705E0,2.644999695E-1
6.871422667E0,2.647245026E0,-7.586673431E0,9.117539978E-1
6.881384667E0,2.990481262E0,-8.617729340E0,1.131047974E0
6.891346667E0,3.444187775E0,-9.572893066E0,9.982740784E-1
6.901308667E0,3.769760742E0,-1.025861710E1,8.093669128E-1
6.911270667E0,3.643722839E0,-1.078522202E1,7.553292847E-1
6.921231667E0,3.169209595E0,-1.113324829E1,7.509883118E-1
6.931193667E0,2.708318024E0,-1.123877884E1,5.703140259E-1
6.941155667E0,2.364782410E0,-1.114522339E1,2.287243652E-1
6.951117667E0,1.900897064E0,-1.089209976E1,3.442840576E-2
6.961078667E0,1.381177826E0,-1.055395294E1,-7.649093628E-2
6.971040667E0,9.363029480E-1,-1.028346542E1,-1.022373962E-1
6.981002667E0,6.460565186E-1,-1.020637573E1,-4.122427368E-1
6.990964667E0,5.414241028E-1,-1.010937744E1,-8.267308044E-1
7.000926667E0,6.465055847E-1,-9.840536499E0,-1.125659180E0
7.010887667E0,8.363108826E-1,-9.617949371E0,-1.488354950E0
7.020849667E0,1.133143616E0,-9.353599091E0,-1.897154846E0
7.030811667E0,1.666334839E0,-9.157506866E0,-1.987566833E0
7.040773667E0,2.280507660E0,-8.977131958E0,-1.773362274E0
7.050734667E0,2.793191528E0,-8.946894836E0,-1.397044830E0
7.060696667E0,3.245999908E0,-9.122180328E0,-9.054670715E-1
7.070658667E0,3.467090149E0,-9.385333099E0,-3.766168213E-1
7.080620667E0,3.392245789E0,-9.502090302E0,-9.819580078E-2
7.090582667E0,3.157384186E0,-9.483379211E0,-1.558259583E-1
7.100543667E0,2.940036163E0,-9.408983917E0,-2.079176331E-1
7.110505667E0,2.604134674E0,-9.317224731E0,-7.454498291E-2
7.120467667E0,2.301913147E0,-9.351653137E0,1.420545959E-1
7.130429667E0,2.086660767E0,-9.471703491E0,3.585044861E-1
7.140390667E0,2.054777069E0,-9.707912292E0,6.466552734E-1
7.150352667E0,2.088307343E0,-1.014934433E1,9.574090576E-1
7.160314667E0,1.998045044E0,-1.045934967E1,1.206191711E0
7.170276667E0,1.823208618E0,-1.032298325E1,1.416204987E0
7.180238667E0,1.970652008E0,-9.787247314E0,1.610051880E0
7.190199667E0,2.274520111E0,-9.087153168E0,1.758393402E0
7.200161667E0,2.258952484E0,-8.721313934E0,1.713037720E0
7.210123667E0,2.167342987E0,-8.724756775E0,1.468895416E0
7.220085667E0,2.034120026E0,-8.834328918E0,1.320853271E0
7.230047667E0,1.770967255E0,-9.037905579E0,1.205143890E0
7.240008667E0,1.577120361E0,-9.228459320E0,1.056053925E0
7.249970667E0,1.527423706E0,-9.302106171E0,8.002359009E-1
7.259932667E0,1.654060364E0,-9.246421967E0,4.486170959E-1
7.269894667E0,1.877246246E0,-9.165140991E0,8.128097534E-2
7.279855667E0,2.163750458E0,-9.139993286E0,-2.321672058E-1
7.289817667E0,2.465223541E0,-9.046737213E0,-6.004014587E-1
7.299779667E0,2.731819153E0,-8.861123199E0,-1.103205872E0
7.309741667E0,2.955903168E0,-8.693471832E0,-1.559157715E0
7.319703667E0,3.101550293E0,-8.577463074E0,-1.779499512E0
7.329664667E0,3.087479553E0,-8.532855835E0,-1.686393127E0
7.339626667E0,2.684966583E0,-8.388705597E0,-1.465602264E0
7.349588667E0,2.189796295E0,-8.084687805E0,-1.176703033E0
7.359550667E0,1.684447174E0,-7.905660095E0,-9.342073059E-1
7.369512667E0,1.573228455E0,-7.863747253E0,-1.059796143E0
7.379473667E0,1.869462433E0,-8.003556519E0,-1.331930237E0
7.389435667E0,2.199226685E0,-8.349487152E0,-1.579216003E0
7.399397667E0,2.643353119E0,-8.858279114E0,-2.311792603E0
7.409359667E0,3.141816559E0,-9.116791534E0,-3.193309479E0
7.419320667E0,3.548820190E0,-8.613687744E0,-3.470383301E0
7.429282667E0,3.475921783E0,-7.818840637E0,-3.258723450E0
7.439244667E0,3.211870880E0,-6.781348114E0,-3.146606598E0
7.449206667E0,3.110980682E0,-5.663323059E0,-3.149899750E0
7.459168792E0,3.244652710E0,-5.109923859E0,-3.558250580E0
7.469129792E0,3.327729950E0,-4.921166382E0,-4.305047607E0
7.479091792E0,3.011437683E0,-4.966372375E0,-4.513563995E0
7.489053792E0,2.108814697E0,-5.533243561E0,-4.389921112E0
7.499015792E0,1.111738129E0,-6.434070282E0,-4.481979675E0
7.508977792E0,5.942642212E-1,-7.142546997E0,-4.930596771E0
7.518938792E0,1.273701324E0,-7.575746155E0,-5.094206543E0
7.528900792E0,2.244881744E0,-7.605234833E0,-4.763244781E0
7.538862792E0,2.361788635E0,-7.335944824E0,-3.994593201E0
7.548824792E0,2.140997772E0,-7.274722137E0,-5.152734833E0
7.558785792E0,2.336042175E0,-7.486831055E0,-7.213499451E0
7.568747792E0,3.606150970E0,-7.083120575E0,-6.427783356E0
7.578709792E0,5.010979614E0,-6.045478363E0,-3.067121887E0
7.588671792E0,5.090164948E0,-5.582940216E0,-1.917213135E0
7.598633792E0,4.536017303E0,-5.627846832E0,-3.426524506E0
7.608594792E0,3.351380768E0,-6.036946106E0,-5.273234253E0
7.618556792E0,2.440524902E0,-6.566395111E0,-7.541916504E0
7.628518792E0,2.480192413E0,-6.757547607E0,-8.856333160E0
7.638480792E0,2.980751495E0,-6.419251099E0,-8.182733917E0
7.648442792E0,2.878214722E0,-6.014343109E0,-6.327042847E0
7.658403792E0,2.298470306E0,-5.638474731E0,-5.909261627E0
7.668365792E0,2.373614044E0,-5.050796814E0,-6.701264648E0
7.678327792E0,3.329526215E0,-4.480033722E0,-7.128625946E0
7.688289792E0,3.897594910E0,-4.210743713E0,-6.880891113E0
7.698250792E0,3.787723389E0,-4.244124298E0,-6.674919434E0
7.708212792E0,3.334615631E0,-4.470004578E0,-6.973099365E0
7.718174792E0,3.164269867E0,-4.913681946E0,-7.346123657E0
7.728136792E0,3.592080231E0,-5.375022583E0,-7.675738220E0
7.738098792E0,4.363276520E0,-5.576204224E0,-8.046966248E0
7.748059792E0,4.667144623E0,-5.498964844E0,-8.242609406E0
7.758021792E0,4.624782715E0,-5.113217010E0,-9.082063751E0
7.767983792E0,4.155209198E0,-4.594545593E0,-8.654403076E0
7.777945792E0,3.549718323E0,-3.827091522E0,-8.313711548E0
7.787907792E0,3.110531616E0,-2.986739044E0,-8.441246338E0
7.797868792E0,2.620600433E0,-2.173779602E0,-8.910370789E0
7.807830792E0,2.185455322E0,-1.638492737E0,-8.697363739E0
7.817792792E0,1.747466125E0,-1.248254242E0,-8.617729340E0
7.827754792E0,2.011966095E0,-1.028660889E0,-8.608448639E0
7.837715792E0,2.599793701E0,-9.177415466E-1,-8.618178406E0
7.847677792E0,3.236719208E0,-1.058748322E0,-9.287436676E0
7.857639792E0,3.535946960E0,-1.644031219E0,-9.433981934E0
7.867601792E0,4.160148926E0,-2.044298859E0,-1.013677048E1
7.877563792E0,4.231550446E0,-2.127675476E0,-9.442514191E0
7.887524792E0,4.062402191E0,-1.637893982E0,-9.206455078E0
7.897486792E0,3.947441254E0,-7.747888184E-1,-8.938362579E0
7.907448792E0,3.513942719E0,1.901046753E-2,-9.078321533E0
7.917410792E0,3.076552277E0,9.050180054E-1,-8.632847900E0
7.927372792E0,2.401605835E0,1.647174683E0,-7.685917053E0
7.937333792E0,2.061962128E0,2.067650299E0,-8.099207611E0
7.947295792E0,2.620450745E0,1.834584961E0,-8.991651764E0
7.957257792E0,4.091890869E0,9.557624817E-1,-9.469308472E0
7.967219792E0,5.155578918E0,1.187031555E-1,-9.447154541E0
7.977180792E0,5.473368073E0,-7.963439941E-2,-9.872120819E0
7.987142792E0,4.618944855E0,2.345622253E-1,-9.247469788E0
7.997104792E0,3.352428589E0,1.090781708E0,-9.282646637E0
8.007066792E0,2.655328217E0,2.041754150E0,-9.034762115E0
8.017028792E0,2.325264587E0,2.252216492E0,-8.527167664E0
8.026989792E0,2.754422150E0,2.217937775E0,-9.728719025E0
8.036951792E0,2.778971100E0,2.338437195E0,-1.003019211E1
8.046913792E0,2.977458344E0,2.490970001E0,-1.081201630E1
8.056875792E0,3.441643066E0,2.501148834E0,-9.220675507E0
8.066837792E0,3.543880463E0,2.220931549E0,-9.730664978E0
8.076798792E0,3.986809387E0,2.230960693E0,-1.045605652E1
8.086760792E0,3.334465942E0,2.915636902E0,-9.759105835E0
8.096722792E0,3.250041504E0,3.370540924E0,-1.023496628E1
8.106684792E0,3.294499054E0,3.501069489E0,-9.126371613E0
8.116646792E0,3.750899963E0,3.534150696E0,-9.613159332E0
8.126607792E0,3.992497559E0,3.446283417E0,-9.059610443E0
8.136569792E0,4.048181763E0,3.566483459E0,-9.460776215E0
8.146531792E0,4.694088593E0,4.009113007E0,-9.842033386E0
8.156493792E0,4.776118011E0,5.478906555E0,-1.007809250E1
8.166455792E0,4.487518158E0,6.541696472E0,-1.099598373E1
8.176416792E0,3.028801575E0,5.770949249E0,-1.010069550E1
8.186378792E0,2.329904938E0,4.524940338E0,-1.031699570E1
8.196340792E0,1.963766327E0,4.133953400E0,-1.011970596E1
8.206302792E0,1.596879272E0,4.611161041E0,-1.049931656E1
8.216264792E0,1.864672394E0,4.771627350E0,-1.015982254E1
8.226225792E0,2.358345795E0,4.459825745E0,-1.007345215E1
8.236187792E0,2.505190430E0,3.859723663E0,-1.016356476E1
8.246149792E0,2.195933533E0,3.863316193E0,-1.053554123E1
8.256111792E0,1.948049011E0,4.335584106E0,-1.055170761E1
8.266072792E0,1.434916077E0,4.682263184E0,-1.044033920E1
8.276034792E0,1.145418091E0,4.939278717E0,-1.059062668E1
8.285996792E0,9.940827942E-1,5.350174255E0,-1.026924500E1
8.295958792E0,7.596702576E-1,5.809568939E0,-1.047057632E1
8.305920792E0,8.337661743E-1,5.910608826E0,-1.049123337E1
8.315881792E0,1.128054199E0,5.762416992E0,-1.059586578E1
8.325843792E0,9.831555176E-1,5.633535004E0,-1.036040543E1
8.335805792E0,1.259480896E0,5.486989746E0,-1.033780243E1
8.345767792E0,2.057770844E0,5.445226593E0,-1.087024521E1
8.355729792E0,2.381397858E0,5.547164612E0,-1.094479019E1
8.365690792E0,2.461780701E0,5.525609436E0,-1.152393585E1
8.375652792E0,2.814597015E0,5.275629272E0,-1.126123215E1
8.385614792E0,3.222947845E0,5.131329346E0,-1.132425110E1
8.395576792E0,3.485202484E0,5.130131836E0,-1.198392929E1
8.405538792E0,3.567381592E0,5.140909424E0,-1.170401138E1
8.415499792E0,3.545676727E0,5.058730316E0,-1.166359543E1
8.425461792E0,3.272494812E0,5.175786896E0,-1.152363647E1
8.435423792E0,3.426973572E0,5.314398651E0,-1.108310257E1
8.445385792E0,3.456462250E0,5.378914490E0,-1.070648575E1
8.455347958E0,3.696263580E0,5.404660950E0,-1.110226273E1
8.465308958E0,3.765270081E0,5.185965729E0,-1.103744751E1
8.475270958E0,3.644471283E0,4.979395294E0,-1.083671494E1
8.485232958E0,3.529809723E0,4.850812683E0,-1.086306015E1
8.495194958E0,3.477268982E0,4.707710266E0,-1.082129700E1
8.505155958E0,3.582500153E0,4.553979950E0,-1.080243622E1
8.515117958E0,3.303630066E0,4.437821503E0,-1.053988220E1
8.525079958E0,3.051554260E0,4.371808777E0,-1.064331711E1
8.535041958E0,2.922821960E0,4.137545929E0,-1.050036438E1
8.545003958E0,2.836152191E0,3.971990204E0,-1.026460464E1
8.554964958E0,2.856210480E0,3.774251404E0,-1.003662872E1
8.564926958E0,2.949316864E0,3.426823883E0,-9.627978516E0
8.574888958E0,3.260070648E0,3.193010101E0,-9.469009094E0
8.584850958E0,3.468587036E0,3.078348541E0,-9.765991516E0
8.594812958E0,3.342698822E0,2.945275269E0,-9.876910858E0
8.604773958E0,3.178190918E0,2.763852539E0,-9.555978241E0
8.614735958E0,3.167413330E0,2.640209656E0,-9.281748505E0
8.624697958E0,3.311713257E0,2.660118256E0,-9.442963257E0
8.634659958E0,3.229534149E0,2.566413116E0,-9.255552979E0
8.644621958E0,2.983146515E0,2.377955017E0,-9.028325500E0
8.654582958E0,2.860701141E0,2.259850616E0,-8.733438721E0
8.664544958E0,2.749931488E0,2.239942017E0,-8.805738373E0
8.674506958E0,2.897524567E0,2.063159637E0,-8.985813904E0
8.684468958E0,3.092568970E0,1.718426514E0,-8.681047668E0
8.694430958E0,3.319048004E0,1.312021637E0,-8.815917206E0
8.704391958E0,3.519630890E0,8.509803772E-1,-8.965007172E0
8.714353958E0,3.506158905E0,4.200265503E-1,-8.937913513E0
8.724315958E0,3.408861237E0,9.654922485E-2,-8.987460480E0
8.734277958E0,3.314257965E0,-1.794767761E-1,-8.994944916E0
8.744238958E0,3.347488861E0,-4.017645264E-1,-8.893006897E0
8.754200958E0,3.357068939E0,-6.297404480E-1,-8.956774292E0
8.764162958E0,3.230581970E0,-9.208850098E-1,-8.995094604E0
8.774124958E0,3.023562469E0,-1.165027313E0,-8.599766693E0
8.784086958E0,3.031795349E0,-1.330732727E0,-8.654552765E0
8.794047958E0,3.178789673E0,-1.561403046E0,-8.783285065E0
8.804009958E0,3.181783447E0,-1.876797180E0,-8.331225128E0
8.813971958E0,3.173101501E0,-2.212848358E0,-8.019273834E0
8.823933958E0,3.256777496E0,-2.539918213E0,-8.023914185E0
8.833895958E0,3.426225128E0,-2.898273010E0,-8.084089050E0
8.843856958E0,3.247496796E0,-3.374432831E0,-7.868537292E0
8.853818958E0,3.162473602E0,-3.773203583E0,-7.825576630E0
8.863780958E0,3.416345673E0,-4.056564331E0,-7.893535309E0
8.873742958E0,3.495381317E0,-4.267326050E0,-7.566764832E0
8.883704958E0,3.378773804E0,-4.411326599E0,-7.341483307E0
8.893665958E0,3.297193451E0,-4.469555511E0,-7.776778107E0
8.903627958E0,3.216511230E0,-4.520898743E0,-7.807314606E0
8.913589958E0,2.961142273E0,-4.700375519E0,-7.393724670E0
8.923551958E0,2.933449860E0,-4.904401245E0,-7.016209717E0
8.933513958E0,3.083437958E0,-5.076543274E0,-6.921756134E0
8.943474958E0,3.361110535E0,-5.242248688E0,-6.939718781E0
8.953436958E0,3.611390076E0,-5.442083130E0,-6.423891449E0
8.963398958E0,3.676205292E0,-5.577401733E0,-6.088738403E0
8.973360958E0,3.756887512E0,-5.677244110E0,-6.029461670E0
8.983322958E0,3.718567200E0,-5.790857849E0,-5.552852783E0
8.993283958E0,3.526516571E0,-5.905369720E0,-4.905748444E0
9.003245958E0,3.450624390E0,-6.004463654E0,-4.458927612E0
9.013207958E0,3.651057587E0,-5.944288788E0,-4.461322632E0
9.023169958E0,3.765120392E0,-5.973927155E0,-4.647086334E0
9.033131958E0,3.712729340E0,-6.033054199E0,-4.675227814E0
9.043092958E0,3.564687195E0,-6.078559570E0,-4.273912354E0
9.053054958E0,3.307821350E0,-6.156098328E0,-3.636088715E0
9.063016958E0,3.019969940E0,-6.269861755E0,-3.191662903E0
9.072978958E0,2.697839813E0,-6.677763519E0,-3.106789398E0
9.082939958E0,2.407892761E0,-7.574249268E0,-3.045417023E0
9.092901958E0,2.285148010E0,-8.462202759E0,-3.445235596E0
9.102863958E0,2.733016663E0,-8.431366882E0,-3.834126892E0
9.112825958E0,3.001857605E0,-7.874824219E0,-3.641627197E0
9.122787958E0,2.949616241E0,-7.653883667E0,-3.222498779E0
9.132748958E0,2.947670288E0,-7.371870117E0,-2.860850830E0
9.142710958E0,2.673290863E0,-6.939269714E0,-2.420616302E0
9.152672958E0,2.403851166E0,-6.505322113E0,-2.134261780E0
9.162634958E0,2.203867035E0,-6.233188019E0,-1.904040527E0
9.172596958E0,2.185904388E0,-6.236930237E0,-1.473086700E0
9.182557958E0,2.429747314E0,-6.232140198E0,-1.197210388E0
9.192519958E0,2.391427002E0,-6.477929077E0,-1.012943573E0
9.202481958E0,2.085762634E0,-7.032226410E0,-8.976832581E-1
9.212443958E0,1.648521881E0,-7.588769073E0,-6.515950012E-1
9.222405958E0,1.036145325E0,-8.369246063E0,-2.704875183E-1
9.232366958E0,6.824308777E-1,-9.291927338E0,7.664062500E-2
9.242328958E0,8.845106506E-1,-1.010563522E1,2.712359619E-1
9.252290958E0,1.796114960E0,-1.007509872E1,4.424798584E-1
9.262252958E0,2.909948730E0,-9.487121429E0,8.855584717E-1
9.272214958E0,3.629801788E0,-8.483757935E0,1.109492798E0
9.282175958E0,2.879711609E0,-7.928562469E0,6.224057007E-1
9.292137958E0,2.210453339E0,-8.356372833E0,6.227050781E-2
9.302099958E0,2.464924164E0,-9.084608459E0,-7.818241882E-1
9.312061958E0,2.658022614E0,-9.634714508E0,-1.729802856E0
9.322023958E0,2.364333344E0,-1.004740631E1,-2.270927582E0
9.331984958E0,1.984423370E0,-1.044468018E1,-2.359543304E0
9.341946958E0,1.826801147E0,-1.059197388E1,-2.137554932E0
9.351908958E0,1.914518738E0,-1.033585648E1,-1.917512512E0
9.361870958E0,2.207160187E0,-9.965227203E0,-1.841770020E0
9.371832958E0,2.365231476E0,-9.847721558E0,-1.575922852E0
9.381793958E0,2.374512177E0,-1.006521927E1,-1.214125214E0
9.391755958E0,2.229463806E0,-1.016790573E1,-9.569599915E-1
9.401717958E0,2.053878937E0,-9.832453308E0,-6.607260132E-1
9.411679958E0,2.029180298E0,-9.424551544E0,-4.581971741E-1
9.421640958E0,2.026934967E0,-9.214837646E0,-3.511697388E-1
9.431602958E0,1.906136169E0,-9.219777374E0,-2.604583740E-1
9.441564958E0,1.880838776E0,-9.311985626E0,-4.135899353E-1
9.451526958E0,2.000739441E0,-9.415420532E0,-5.420228577E-1
9.461488417E0,2.145338745E0,-9.450896759E0,-5.882766724E-1
9.471449417E0,2.209704895E0,-9.489666138E0,-5.915698242E-1
9.481411417E0,2.217189331E0,-9.445208588E0,-5.270539856E-1
9.491373417E0,2.210153961E0,-9.363328857E0,-3.799099731E-1
9.501335417E0,2.258503418E0,-9.283095703E0,-1.323248291E-1
9.511297417E0,2.327659607E0,-9.241182861E0,-6.197113037E-2
9.521258417E0,2.286495209E0,-9.255253601E0,-9.175918579E-2
9.531220417E0,2.145937500E0,-9.219927063E0,-7.334747314E-2
9.541182417E0,1.977986755E0,-9.209748230E0,6.721023560E-2
9.551144417E0,1.872306519E0,-9.233249359E0,1.049317932E-1
9.561106417E0,1.867965546E0,-9.232800293E0,-2.338137817E-1
9.571067417E0,1.982926483E0,-9.231602783E0,-7.658074951E-1
9.581029417E0,2.147584076E0,-9.129066010E0,-1.126557312E0
9.590991417E0,2.158511353E0,-8.866661682E0,-1.235231323E0
9.600953417E0,2.042203217E0,-8.686885529E0,-1.357527008E0
9.610915417E0,1.962718506E0,-8.562045135E0,-1.629810791E0
9.620876417E0,1.941911774E0,-8.485404510E0,-1.901944885E0
9.630838417E0,2.055675201E0,-8.400531006E0,-1.977986755E0
9.640800417E0,2.211800537E0,-8.340056763E0,-1.619332581E0
9.650762417E0,2.296374664E0,-8.409362640E0,-1.435963898E0
9.660724417E0,2.338886261E0,-8.724158020E0,-1.772164764E0
9.670685417E0,2.392025757E0,-8.947343903E0,-2.109114075E0
9.680647417E0,2.210902405E0,-8.895850983E0,-2.016007690E0
9.690609417E0,2.131417694E0,-8.516988831E0,-1.836680603E0
9.700571417E0,2.160756683E0,-8.129744110E0,-1.702409821E0
9.710533417E0,2.287093964E0,-7.591613159E0,-1.425934753E0
9.720494417E0,2.497256927E0,-7.037465515E0,-1.281784515E0
9.730456417E0,2.686762848E0,-6.777755585E0,-1.757944336E0
9.740418417E0,3.000809784E0,-6.928043060E0,-2.405647430E0
9.750380417E0,3.228486328E0,-7.308402100E0,-2.907853088E0
9.760342417E0,3.151246948E0,-7.860903168E0,-3.331023102E0
9.770303417E0,2.959196320E0,-8.244255981E0,-3.591631165E0
9.780265417E0,2.693498840E0,-8.224796448E0,-3.384312286E0
9.790227417E0,2.300266571E0,-7.687863007E0,-2.471959534E0
9.800189417E0,2.056872711E0,-7.150929565E0,-2.261197815E0
9.810151417E0,2.304158478E0,-6.936725006E0,-2.850522308E0
9.820112417E0,2.684218140E0,-6.926546173E0,-3.293151855E0
9.830074417E0,2.715952148E0,-7.037914581E0,-3.421584778E0
9.840036417E0,2.874322815E0,-7.209008789E0,-3.997437286E0
9.849998417E0,3.174748077E0,-7.436236267E0,-4.765340424E0
9.859960417E0,3.392096100E0,-7.727231140E0,-5.601800995E0
9.869921417E0,3.443888397E0,-7.929460602E0,-6.052962799E0
9.879883417E0,3.490740967E0,-7.838000793E0,-5.101990356E0
9.889845417E0,3.056194611E0,-7.582033081E0,-4.489164734E0
9.899807417E0,2.350561981E0,-7.207811279E0,-5.287454681E0
9.909769417E0,2.225871277E0,-6.312373352E0,-6.163133698E0
9.919730417E0,2.841690674E0,-5.015021210E0,-6.207441559E0
9.929692417E0,3.556903381E0,-4.196523285E0,-6.640940094E0
9.939654417E0,4.156406708E0,-4.142485657E0,-6.497987366E0
9.949616417E0,4.197720795E0,-4.429438934E0,-5.909710693E0
9.959578417E0,3.719764709E0,-5.134921875E0,-6.403833160E0
9.969539417E0,3.222648468E0,-5.935906219E0,-6.715634766E0
9.979501417E0,2.708018646E0,-6.438111877E0,-5.956563263E0
9.989463417E0,2.454745331E0,-6.456673279E0,-5.056484985E0
9.999425417E0,2.127974854E0,-6.199358368E0,-6.098617859E0
1.000938742E1,2.232756958E0,-5.827082520E0,-7.823480988E0
1.001934842E1,2.643353119E0,-5.482349396E0,-8.029452667E0
1.002931042E1,2.478994904E0,-5.006189575E0,-7.935298462E0
1.003927242E1,1.952240295E0,-4.515809326E0,-7.953560486E0
1.004923442E1,1.997446289E0,-3.762875061E0,-7.665110321E0
1.005919642E1,2.733016663E0,-2.660866699E0,-8.156837769E0
1.006915742E1,3.505111084E0,-1.993704071E0,-8.784931641E0
1.007911942E1,3.686234436E0,-1.868414612E0,-8.704848175E0
1.008908142E1,3.581302643E0,-2.091301117E0,-8.283624115E0
1.009904342E1,3.066822510E0,-2.393223267E0,-8.223000183E0
1.010900542E1,2.919379120E0,-2.961591339E0,-8.566535797E0
1.011896642E1,2.975512390E0,-3.385360107E0,-9.013955383E0
1.012892842E1,3.335513763E0,-3.449576569E0,-9.690249023E0
1.013889042E1,3.561543732E0,-3.273392944E0,-9.412127380E0
1.014885242E1,3.464994507E0,-2.755919037E0,-9.191336517E0
1.015881442E1,3.271147614E0,-1.980381775E0,-9.208700409E0
1.016877542E1,3.308869171E0,-1.117875366E0,-8.928782501E0
1.017873742E1,3.334016876E0,-4.429289246E-1,-8.455017700E0
1.018869942E1,3.541934509E0,1.794767761E-1,-9.186845856E0
1.019866142E1,3.697012024E0,1.354682922E-1,-9.197773132E0
1.020862342E1,3.613785095E0,-1.516346741E-1,-9.784103851E0
1.021858442E1,3.409160614E0,-5.456153870E-1,-9.644444275E0
1.022854642E1,3.271446991E0,-6.213578796E-1,-9.770182800E0
1.023850842E1,3.221301270E0,-2.121089172E-1,-9.053473206E0
1.024847042E1,2.833607483E0,3.403921509E-1,-9.356143799E0
1.025843242E1,2.585273895E0,7.893086243E-1,-9.549541626E0
1.026839342E1,2.327809296E0,1.185085602E0,-8.944050751E0
1.027835542E1,2.638263702E0,1.569635925E0,-9.080866241E0
1.028831742E1,2.663261719E0,1.691183167E0,-8.450826416E0
1.029827942E1,2.728526001E0,1.735790405E0,-9.080267487E0
1.030824142E1,2.719694366E0,1.502276001E0,-9.067843323E0
1.031820242E1,2.341730347E0,1.174457703E0,-9.574839020E0
1.032816442E1,2.871478729E0,1.295855255E0,-1.003453308E1
1.033812642E1,3.237317963E0,2.000140686E0,-8.432414703E0
1.034808842E1,3.035986633E0,2.895428925E0,-9.053772583E0
1.035805042E1,2.802472229E0,3.385809174E0,-9.084907837E0
1.036801142E1,2.545307007E0,3.989204407E0,-9.380992126E0
1.037797342E1,3.123105469E0,4.529730377E0,-9.955946503E0
1.038793542E1,3.459306335E0,4.170477448E0,-9.688602448E0
1.039789742E1,3.624862061E0,3.985611877E0,-9.762398987E0
1.040785942E1,2.943029938E0,3.943699036E0,-9.332792358E0
1.041782142E1,2.589165802E0,3.366798706E0,-1.010728180E1
1.042778242E1,2.016756134E0,2.973117371E0,-8.743168488E0
1.043774442E1,1.818568268E0,2.842439117E0,-8.492140503E0
1.044770642E1,2.421514435E0,2.554288330E0,-9.114695892E0
1.045766858E1,2.831811218E0,2.975961456E0,-1.010758118E1
1.046763058E1,3.627855835E0,3.782633972E0,-1.088177124E1
1.047759158E1,3.549418945E0,4.235142975E0,-1.056637711E1
1.048755358E1,3.388204193E0,3.964655457E0,-1.105795486E1
1.049751558E1,2.489922180E0,3.394191742E0,-1.021640488E1
1.050747758E1,1.987866211E0,3.527115326E0,-1.060245209E1
1.051743958E1,1.865121460E0,3.924538879E0,-9.867630157E0
1.052740058E1,2.352507935E0,4.591252441E0,-1.064346680E1
1.053736258E1,2.664908295E0,5.318889313E0,-1.004381378E1
1.054732458E1,2.798730011E0,5.426515503E0,-1.003288651E1
1.055728658E1,2.872376862E0,5.171445923E0,-9.953701172E0
1.056724858E1,2.826272736E0,4.990472260E0,-9.766440582E0
1.057721058E1,2.931503906E0,4.838987274E0,-1.044602737E1
1.058717158E1,2.547252960E0,5.127587128E0,-1.051114197E1
1.059713358E1,2.714754639E0,4.819976807E0,-1.027628036E1
1.060709558E1,2.654430084E0,4.665348358E0,-1.017119888E1
1.061705758E1,1.915716248E0,4.986730042E0,-1.060724213E1
1.062701958E1,2.149380341E0,4.806504822E0,-1.065005310E1
1.063698158E1,2.216141510E0,4.994513855E0,-1.015518219E1
1.064694258E1,2.766247559E0,5.574108582E0,-1.097712296E1
1.065690458E1,2.763852539E0,5.661975861E0,-1.094134735E1
1.066686658E1,2.365680542E0,5.625601501E0,-1.099134338E1
1.067682858E1,2.504292297E0,5.895490265E0,-1.140538239E1
1.068679058E1,2.130968628E0,6.187083893E0,-1.072594528E1
1.069675158E1,2.093546448E0,6.021677856E0,-1.068088898E1
1.070671358E1,2.377206573E0,6.046675873E0,-1.084240311E1
1.071667558E1,2.507136383E0,6.541846161E0,-1.107427094E1
1.072663758E1,2.460283813E0,6.436465302E0,-1.087862778E1
1.073659958E1,2.139201508E0,6.160139923E0,-1.064631088E1
1.074656158E1,2.456990662E0,5.860762482E0,-1.099852844E1
1.075652258E1,2.649939423E0,5.392386475E0,-1.124222168E1
1.076648458E1,2.749781799E0,5.343887329E0,-1.094538895E1
1.077644658E1,2.791694641E0,5.381159821E0,-1.130568970E1
1.078640858E1,2.882256317E0,5.241949310E0,-1.156689651E1
1.079637058E1,2.620151367E0,4.938679962E0,-1.112262039E1
1.080633258E1,2.868185577E0,4.798271942E0,-1.148292114E1
1.081629458E1,2.784210205E0,4.990322571E0,-1.123099503E1
1.082625558E1,2.775677948E0,5.088518372E0,-1.111827942E1
1.083621758E1,2.791095886E0,5.186714172E0,-1.068957092E1
1.084617958E1,2.597698059E0,5.335804138E0,-1.056413177E1
1.085614158E1,2.707419891E0,5.385949860E0,-1.023242157E1
1.086610358E1,2.696941681E0,5.363945618E0,-9.956395569E0
1.087606558E1,2.731070709E0,5.282814331E0,-1.015727783E1
1.088602658E1,2.799628143E0,5.005141754E0,-1.015084122E1
1.089598858E1,2.673141174E0,4.772076416E0,-9.789492645E0
1.090595058E1,2.817590790E0,4.491260376E0,-9.687704315E0
1.091591258E1,2.913840637E0,4.032614136E0,-9.600286102E0
1.092587458E1,3.032394104E0,3.759581909E0,-9.761800232E0
1.093583658E1,3.239862671E0,3.503763885E0,-9.695637817E0
1.094579758E1,3.315605164E0,3.261268158E0,-9.501192169E0
1.095575958E1,3.330124969E0,3.207230530E0,-9.267827454E0
1.096572158E1,3.508104858E0,3.147205353E0,-9.241332550E0
1.097568358E1,3.576961670E0,2.884202271E0,-8.698261871E0
1.098564558E1,3.720213776E0,2.673290863E0,-8.582702179E0
1.099560758E1,3.871399384E0,2.404000854E0,-8.952283630E0
1.100556958E1,3.630101166E0,1.988914032E0,-9.106612701E0
1.101553058E1,3.433559875E0,1.605561218E0,-8.762029266E0
1.102549258E1,3.368744659E0,1.389261017E0,-8.539292450E0
1.103545458E1,3.451971588E0,1.347348175E0,-8.936416626E0
1.104541658E1,3.556005249E0,1.302890625E0,-9.267677765E0
1.105537858E1,3.491788788E0,1.123114471E0,-9.585167542E0
1.106534058E1,3.369044037E0,7.957452393E-1,-9.376501465E0
1.107530258E1,3.249742126E0,4.143383789E-1,-9.001381531E0
1.108526358E1,3.366349640E0,1.874102783E-1,-9.054371338E0
1.109522558E1,3.514391785E0,-6.556365967E-2,-9.277706909E0
1.110518758E1,3.335214386E0,-3.769161987E-1,-9.353299713E0
1.111514958E1,3.122955780E0,-6.581813049E-1,-9.052575073E0
1.112511158E1,2.997067566E0,-9.554631042E-1,-8.944200439E0
1.113507358E1,2.926115112E0,-1.345102844E0,-8.783285065E0
1.114503558E1,2.938539276E0,-1.731449432E0,-8.420140228E0
1.115499658E1,2.885399780E0,-2.121388550E0,-8.395890656E0
1.116495858E1,2.796334991E0,-2.510279846E0,-8.434210968E0
1.117492058E1,2.800675964E0,-2.861599274E0,-7.871531067E0
1.118488258E1,2.901117096E0,-3.120710449E0,-7.729476471E0
1.119484458E1,3.272494812E0,-3.368295593E0,-7.974816284E0
1.120480658E1,3.524570618E0,-3.701951752E0,-7.756270752E0
1.121476858E1,3.591481476E0,-4.113146667E0,-7.327262878E0
1.122472958E1,3.607049103E0,-4.511468353E0,-6.827901306E0
1.123469158E1,3.706741791E0,-4.746928711E0,-6.673272858E0
1.124465358E1,3.801045685E0,-4.966821442E0,-6.764582977E0
1.125461558E1,3.751049652E0,-5.223687286E0,-6.605912933E0
1.126457758E1,3.686982880E0,-5.411995697E0,-6.622079315E0
1.127453958E1,3.523073730E0,-5.614075470E0,-6.314319305E0
1.128450158E1,3.346441040E0,-5.834566956E0,-5.926176453E0
1.129446258E1,3.278632050E0,-5.904920654E0,-5.716163177E0
1.130442458E1,3.246898041E0,-6.034850464E0,-5.228327637E0
1.131438658E1,3.259771271E0,-6.079457703E0,-4.887187042E0
1.132434858E1,3.337310028E0,-5.926026764E0,-4.459376678E0
1.133431058E1,3.570824432E0,-5.804030457E0,-4.168082428E0
1.134427258E1,3.903283081E0,-5.742957458E0,-4.373305664E0
1.135423458E1,4.048331451E0,-5.670208740E0,-4.068090363E0
1.136419658E1,3.817661133E0,-5.754333801E0,-3.410208435E0
1.137415758E1,3.460952911E0,-5.836512909E0,-2.808010712E0
1.138411958E1,3.065924377E0,-6.017636261E0,-2.292782135E0
1.139408158E1,2.809357910E0,-6.240522766E0,-2.324366455E0
1.140404358E1,2.635269928E0,-6.490502930E0,-2.685116272E0
1.141400558E1,2.211800537E0,-7.263196106E0,-2.822979584E0
1.142396758E1,1.708547058E0,-8.823251953E0,-2.827320557E0
1.143392958E1,1.981878662E0,-9.448950806E0,-3.164269867E0
1.144389158E1,2.384391632E0,-8.828041992E0,-3.286116486E0
1.145385358E1,2.327809296E0,-7.688761139E0,-3.200793915E0
1.146381429E1,1.970352631E0,-6.757846985E0,-2.968626709E0
1.147377629E1,1.440604248E0,-6.145769806E0,-2.343227234E0
1.148373829E1,1.099463654E0,-5.771098938E0,-1.833088074E0
1.149370029E1,9.892927551E-1,-5.738466797E0,-1.324146423E0
1.150366229E1,7.710466003E-1,-5.977220306E0,-7.108717346E-1
1.151362429E1,7.101232910E-1,-6.414910126E0,-3.314108276E-1
1.152358629E1,8.830137634E-1,-6.974745941E0,-2.029779053E-1
1.153354829E1,1.147064667E0,-7.536078644E0,-1.351689148E-1
1.154350929E1,1.538650360E0,-7.960146790E0,-8.352630615E-2
1.155347129E1,1.877994690E0,-8.288713531E0,-2.568658447E-1
1.156343329E1,2.169139252E0,-8.671317902E0,-5.659730530E-1
1.157339529E1,2.519111481E0,-9.032367096E0,-5.417234802E-1
1.158335729E1,3.060385895E0,-9.492360535E0,-2.143542480E-1
1.159331929E1,3.655847626E0,-9.971364441E0,2.303709412E-1
1.160328129E1,4.008663940E0,-1.038705002E1,8.867559814E-1
1.161324329E1,4.193080444E0,-1.047716263E1,1.503922577E0
1.162320529E1,4.226610718E0,-1.058957886E1,2.061513062E0
1.163316629E1,3.592080231E0,-1.064661026E1,1.575773163E0
1.164312829E1,2.655028839E0,-1.056607773E1,1.065334625E0
1.165309029E1,1.957479401E0,-1.029888336E1,3.830534363E-1
1.166305229E1,1.706750793E0,-1.009800110E1,-5.101391602E-1
1.167301429E1,1.632954254E0,-1.000594254E1,-1.251697083E0
1.168297629E1,1.591789856E0,-9.905651093E0,-1.609752502E0
1.169293829E1,1.585203552E0,-9.771679688E0,-1.666185150E0
1.170290029E1,1.767823792E0,-9.574090576E0,-1.726060638E0
1.171286229E1,2.098186798E0,-9.378746796E0,-1.681154022E0
1.172282329E1,2.538571014E0,-9.294771423E0,-1.506467285E0
1.173278529E1,2.923121338E0,-9.176667023E0,-1.320703583E0
1.174274729E1,3.124752045E0,-9.202712860E0,-1.108744354E0
1.175270929E1,3.198997650E0,-9.297316132E0,-7.448510742E-1
1.176267129E1,2.890489197E0,-9.273515625E0,-4.023632813E-1
1.177263329E1,2.339485016E0,-9.278006287E0,-1.396595764E-1
1.178259529E1,1.854044495E0,-9.319320374E0,8.726852417E-2
1.179255729E1,1.632954254E0,-9.390422516E0,2.733316040E-1
1.180251929E1,1.657802582E0,-9.342522125E0,3.788621521E-1
1.181248129E1,1.847308502E0,-9.275611267E0,3.454815674E-1
1.182244229E1,2.074685669E0,-9.289232941E0,2.049238586E-1
1.183240429E1,2.288141785E0,-9.379195862E0,-3.143463135E-3
1.184236629E1,2.578388214E0,-9.434730377E0,-9.879455566E-2
1.185232829E1,2.993475037E0,-9.458979950E0,-1.121168518E-1
1.186229029E1,3.300486603E0,-9.421408081E0,8.173004150E-2
1.187225229E1,3.074157257E0,-9.105864258E0,7.366181946E-1
1.188221429E1,2.455643463E0,-8.746611328E0,1.397793274E0
1.189217629E1,1.842219086E0,-8.561296692E0,1.751208344E0
1.190213829E1,1.331930237E0,-8.410709839E0,1.494043121E0
1.191209929E1,9.951306152E-1,-8.281678162E0,8.734336853E-1
1.192206129E1,8.798703003E-1,-8.202343140E0,2.338137817E-1
1.193202329E1,1.085243225E0,-8.230783997E0,-4.517605591E-1
1.194198529E1,1.570983124E0,-8.401878204E0,-1.133892059E0
1.195194729E1,2.239343262E0,-8.710536346E0,-1.844913483E0
1.196190929E1,2.809357910E0,-9.160350952E0,-2.308649139E0
1.197187129E1,3.002606049E0,-9.345665588E0,-2.319726105E0
1.198183329E1,2.989583130E0,-9.057365112E0,-2.127675476E0
1.199179529E1,3.116219788E0,-8.528963928E0,-2.042203217E0
1.200175729E1,3.142265625E0,-7.896978149E0,-2.086810455E0
1.201171829E1,2.980452118E0,-7.302564240E0,-1.736538849E0
1.202168029E1,2.747237091E0,-6.815177765E0,-1.181044006E0
1.203164229E1,2.784210205E0,-6.339317322E0,-8.099656677E-1
1.204160429E1,3.147953796E0,-6.012846222E0,-1.434766388E0
1.205156629E1,3.220852203E0,-6.091881866E0,-2.800077209E0
1.206152829E1,3.196752319E0,-6.244115295E0,-4.224215698E0
1.207149029E1,2.828218689E0,-6.357579346E0,-4.750521240E0
1.208145229E1,2.586770782E0,-6.256389771E0,-4.605772247E0
1.209141429E1,2.565215607E0,-5.996979218E0,-4.757706299E0
1.210137529E1,2.588117981E0,-5.919889526E0,-6.087540894E0
1.211133729E1,3.115321655E0,-6.045029297E0,-6.741530914E0
1.212129929E1,3.600013733E0,-6.229445801E0,-5.985752563E0
1.213126129E1,3.501069489E0,-6.384373627E0,-5.176685028E0
1.214122329E1,3.393293610E0,-6.764732666E0,-5.123994598E0
1.215118529E1,3.792363739E0,-7.237749023E0,-5.140011292E0
1.216114729E1,4.098028107E0,-7.443571014E0,-4.350852356E0
1.217110929E1,3.924089813E0,-7.406897278E0,-3.804488525E0
1.218107129E1,4.316873016E0,-7.109615479E0,-5.175936584E0
1.219103329E1,5.222938843E0,-6.575975189E0,-5.985453186E0
1.220099429E1,5.255421295E0,-6.020330658E0,-4.810845795E0
1.221095629E1,4.150718536E0,-5.501210175E0,-3.449875946E0
1.222091829E1,3.201093292E0,-5.076243896E0,-4.353397064E0
1.223088029E1,3.326382751E0,-4.525988159E0,-6.797963562E0
1.224084229E1,3.507206726E0,-3.983965302E0,-7.649542694E0
1.225080429E1,3.092868347E0,-3.765270081E0,-7.414681091E0
1.226076629E1,2.894979858E0,-3.917204132E0,-7.588320007E0
1.227072829E1,2.985541534E0,-4.233197021E0,-7.836204529E0
1.228069029E1,3.609593811E0,-4.450994110E0,-7.872728577E0
1.229065229E1,4.298311615E0,-4.489314423E0,-7.724686432E0
1.230061329E1,4.250111847E0,-4.541256409E0,-7.333400116E0
1.231057529E1,3.613485718E0,-4.700525208E0,-7.199129333E0
1.232053729E1,2.982248383E0,-4.608915710E0,-7.372618561E0
1.233049929E1,2.751727753E0,-4.220623169E0,-8.259224854E0
1.234046129E1,2.904859314E0,-3.811374207E0,-8.670868835E0
1.235042329E1,3.459456024E0,-3.382366333E0,-8.499175873E0
1.236038529E1,4.181105347E0,-2.770139465E0,-8.147856445E0
1.237034729E1,4.852159882E0,-2.199376373E0,-8.490194550E0
1.238030929E1,5.050198059E0,-2.036065979E0,-8.945697327E0
1.239027029E1,4.269122314E0,-2.145189056E0,-8.902586975E0
1.240023229E1,3.141367493E0,-2.260149994E0,-8.662785645E0
1.241019429E1,2.721640320E0,-2.080673218E0,-8.465046844E0
1.242015629E1,3.024759979E0,-1.709145813E0,-8.415799255E0
1.243011829E1,3.412154388E0,-1.327589264E0,-8.837472382E0
1.244008029E1,3.876937866E0,-1.058748322E0,-8.892557831E0
1.245004229E1,4.203109589E0,-1.078357544E0,-9.180558929E0
1.246000396E1,3.939956818E0,-1.243015137E0,-9.519753571E0
1.246996596E1,3.562890930E0,-1.203946381E0,-9.128167877E0
1.247992696E1,3.457061005E0,-8.804690552E-1,-8.549920349E0
1.248988896E1,3.467688904E0,-1.713935852E-1,-8.637488251E0
1.249985096E1,3.266207886E0,6.713539124E-1,-8.737180939E0
1.250981296E1,3.056643677E0,1.325194244E0,-8.913514252E0
1.251977496E1,3.491938477E0,1.416953430E0,-9.201215973E0
1.252973696E1,4.557871857E0,7.768844604E-1,-9.442364502E0
1.253969896E1,5.305866394E0,-1.130149841E-1,-9.528435516E0
1.254966096E1,5.310357056E0,-3.796105957E-1,-9.677375793E0
1.255962296E1,4.733307037E0,1.845661926E-1,-9.058862000E0
1.256958496E1,4.238735504E0,1.124611359E0,-8.751850433E0
1.257954596E1,3.890110474E0,2.172432404E0,-8.240064697E0
1.258950796E1,4.091142426E0,2.988235931E0,-9.079219666E0
1.259946996E1,4.027524719E0,3.064277802E0,-8.551267548E0
1.260943196E1,3.587888947E0,3.097658386E0,-8.926537170E0
1.261939396E1,3.630101166E0,3.340603180E0,-9.705217896E0
1.262935596E1,3.109334106E0,3.304528198E0,-8.588839417E0
1.263931796E1,2.861599274E0,3.141217804E0,-1.016685791E1
1.264927996E1,2.499951324E0,2.959645386E0,-9.848919067E0
1.265924196E1,2.252366180E0,2.894381104E0,-9.927805023E0
1.266920296E1,2.563269653E0,2.903661804E0,-9.243877258E0
1.267916496E1,2.924618225E0,3.003953247E0,-9.270222473E0
1.268912696E1,3.766766968E0,2.847229156E0,-1.039154068E1
1.269908896E1,3.729344788E0,2.865191803E0,-9.882449341E0
1.270905096E1,3.785028992E0,2.959795074E0,-1.035786072E1
1.271901296E1,3.263363800E0,3.129242706E0,-1.017928207E1
1.272897496E1,2.640509033E0,3.664080505E0,-1.093221634E1
1.273893696E1,2.537373505E0,4.042643280E0,-1.074435699E1
1.274889896E1,2.039508820E0,3.810625763E0,-9.892179108E0
1.275885996E1,2.198328552E0,3.431613922E0,-1.029768585E1
1.276882196E1,2.616109772E0,3.682641907E0,-9.358389130E0
1.277878396E1,2.572250977E0,4.268523560E0,-8.896000671E0
1.278874596E1,3.004701691E0,5.084327087E0,-9.361382904E0
1.279870796E1,2.492017822E0,5.674549713E0,-8.712931366E0
1.280866996E1,2.211800537E0,5.951324158E0,-9.753866730E0
1.281863196E1,1.821562042E0,6.137985992E0,-8.899144135E0
1.282859396E1,1.193917236E0,5.680537262E0,-8.805139618E0
1.283855596E1,1.549877014E0,5.079537048E0,-9.162446594E0
1.284851696E1,1.912423096E0,5.343138885E0,-9.468260651E0
1.285847896E1,2.243684235E0,5.813760223E0,-9.989177399E0
1.286844096E1,2.328557739E0,5.824687500E0,-1.004471191E1
1.287840296E1,2.383194122E0,5.352269897E0,-1.015129028E1
1.288836496E1,2.314187622E0,5.193150787E0,-1.060290115E1
1.289832696E1,2.138303375E0,5.330115967E0,-1.130598907E1
1.290828896E1,2.166744232E0,5.486989746E0,-1.104403381E1
1.291825096E1,2.214345245E0,5.702990570E0,-1.094838272E1
1.292821296E1,2.419119415E0,5.500312042E0,-1.157617722E1
1.293817396E1,2.182910614E0,5.327870636E0,-1.152004395E1
1.294813596E1,2.472258911E0,5.439987488E0,-1.213391739E1
1.295809796E1,2.619552612E0,5.561534729E0,-1.233644623E1
1.296805996E1,2.479743347E0,5.823040924E0,-1.201910614E1
1.297802196E1,2.369871826E0,5.839806061E0,-1.158785294E1
1.298798396E1,2.154769135E0,5.610033875E0,-1.106992996E1
1.299794596E1,2.262095947E0,5.711971893E0,-1.178424454E1
1.300790796E1,2.322420502E0,5.558091888E0,-1.146705414E1
1.301786996E1,2.997816010E0,5.471272430E0,-1.189456512E1
1.302783096E1,3.112926636E0,5.433550873E0,-1.165745819E1
1.303779296E1,3.124302979E0,5.424569550E0,-1.152303772E1
1.304775496E1,3.195704498E0,5.438640289E0,-1.133652557E1
1.305771696E1,2.898123322E0,5.338498535E0,-1.115495316E1
1.306767896E1,2.603386230E0,5.289999390E0,-1.114163086E1
1.307764096E1,1.947749634E0,5.280569000E0,-1.010952713E1
1.308760296E1,1.847607880E0,5.237758026E0,-1.021341110E1
1.309756496E1,2.047741699E0,5.090314636E0,-9.866732025E0
1.310752696E1,2.114951935E0,4.977748718E0,-9.729617157E0
1.311748796E1,2.662513275E0,4.867727509E0,-1.004456223E1
1.312744996E1,2.454296265E0,4.608017578E0,-9.559271393E0
1.313741196E1,2.662962341E0,4.510420532E0,-9.248367920E0
1.314737396E1,2.841241608E0,4.469405823E0,-8.794811096E0
1.315733596E1,3.246299286E0,4.351451111E0,-9.173972626E0
1.316729796E1,3.445984039E0,4.078568573E0,-9.366622009E0
1.317725996E1,3.285368042E0,3.628753967E0,-9.760453033E0
1.318722196E1,3.288212128E0,3.395389252E0,-1.027553192E1
1.319718396E1,2.755619659E0,3.184028778E0,-9.621092834E0
1.320714496E1,2.779270477E0,3.041076050E0,-9.909992065E0
1.321710696E1,2.738704834E0,2.737806702E0,-9.419911194E0
1.322706896E1,2.439776459E0,2.391427002E0,-9.092242584E0
1.323703096E1,2.677182770E0,2.167193298E0,-9.513466644E0
1.324699296E1,2.989433441E0,2.009271698E0,-9.638456726E0
1.325695496E1,3.542832642E0,1.973496094E0,-9.603579254E0
1.326691696E1,4.132755890E0,1.882934418E0,-9.570797424E0
1.327687896E1,4.417912903E0,1.704206085E0,-9.735455017E0
1.328683996E1,4.406536560E0,1.454225922E0,-9.469158783E0
1.329680196E1,4.138294373E0,1.291364594E0,-9.646539917E0
1.330676396E1,3.577261047E0,1.038091278E0,-9.915680237E0
1.331672596E1,3.099754028E0,7.946974182E-1,-9.537416840E0
1.332668796E1,3.185675354E0,6.896159363E-1,-9.109007721E0
1.333664996E1,3.396437073E0,5.519023132E-1,-9.310937805E0
1.334661196E1,3.747606812E0,3.362008667E-1,-9.519454193E0
1.335657396E1,3.909869385E0,-1.745370483E-1,-9.056766357E0
1.336653596E1,3.960913239E0,-7.042854309E-1,-8.970395966E0
1.337649696E1,4.027524719E0,-1.261277161E0,-8.709488525E0
1.338645896E1,4.237537994E0,-1.743424530E0,-8.789871368E0
1.339642096E1,4.418960724E0,-2.248324585E0,-8.985514526E0
1.340638296E1,4.311484222E0,-2.813399506E0,-8.864865417E0
1.341634496E1,4.132456512E0,-3.270698547E0,-8.616980896E0
1.342630696E1,3.963008881E0,-3.521127777E0,-8.339607697E0
1.343626896E1,3.843557281E0,-3.613036652E0,-8.232729950E0
1.344623096E1,3.845203857E0,-3.616030426E0,-8.349337463E0
1.345619304E1,3.759432220E0,-3.698957977E0,-8.091423798E0
1.346615504E1,3.687282257E0,-3.812721405E0,-7.624544678E0
1.347611704E1,3.772455139E0,-3.876189423E0,-7.349117432E0
1.348607904E1,3.821103973E0,-3.876339111E0,-7.258106689E0
1.349604104E1,3.848497009E0,-3.970643005E0,-7.292385406E0
1.350600304E1,3.662134552E0,-4.140240326E0,-6.875951385E0
1.351596504E1,3.310515747E0,-4.387675781E0,-6.614295502E0
1.352592704E1,3.065625000E0,-4.656367035E0,-6.501879272E0
1.353588804E1,3.052003326E0,-4.835993500E0,-6.266867981E0
1.354585004E1,3.005450134E0,-4.909490662E0,-5.940546570E0
1.355581204E1,2.838547211E0,-4.977599030E0,-5.227279816E0
1.356577404E1,2.911445618E0,-4.935835876E0,-5.005590820E0
1.357573604E1,3.144061890E0,-4.928501129E0,-5.144951019E0
1.358569804E1,3.120560760E0,-5.009033661E0,-4.817881165E0
1.359566004E1,2.933449860E0,-5.072801056E0,-4.099824371E0
1.360562204E1,2.903512115E0,-5.072801056E0,-4.055516510E0
1.361558304E1,2.927013245E0,-5.106481018E0,-4.077520752E0
1.362554504E1,3.019820251E0,-5.300178223E0,-3.950734406E0
1.363550704E1,3.246448975E0,-5.367687836E0,-3.681594086E0
1.364546904E1,3.196602631E0,-5.662275238E0,-3.664529572E0
1.365543104E1,2.878813477E0,-6.620582428E0,-3.494183807E0
1.366539304E1,2.270478516E0,-8.195307770E0,-3.481759644E0
1.367535504E1,2.540516968E0,-8.430319061E0,-3.735332336E0
1.368531704E1,3.052003326E0,-8.033344574E0,-4.067341919E0
1.369527904E1,2.804867249E0,-7.988288269E0,-3.703149261E0
1.370524004E1,2.671195221E0,-7.777077484E0,-2.948568420E0
1.371520204E1,2.665806427E0,-7.090006256E0,-2.473905487E0
1.372516404E1,2.520608368E0,-6.571933594E0,-2.244881744E0
1.373512604E1,2.344724121E0,-6.393205261E0,-2.132016449E0
1.374508804E1,2.147135010E0,-6.338419189E0,-1.840572510E0
1.375505004E1,2.176773376E0,-6.307283936E0,-1.367556152E0
1.376501204E1,2.377955017E0,-6.375691681E0,-1.194366302E0
1.377497404E1,2.512076111E0,-6.597380676E0,-1.100361786E0
1.378493504E1,2.596949615E0,-6.877897339E0,-9.648934937E-1
1.379489704E1,2.410587158E0,-7.304659882E0,-6.563850403E-1
1.380485904E1,2.207160187E0,-7.747439117E0,-1.210981750E-1
1.381482104E1,2.248923340E0,-8.135731659E0,3.210823059E-1
1.382478304E1,2.374212799E0,-8.451724548E0,5.063969421E-1
1.383474504E1,2.349364471E0,-8.749904480E0,4.427792358E-1
1.384470704E1,2.397564240E0,-8.879684601E0,3.430865479E-1
1.385466904E1,2.565514984E0,-8.930728455E0,3.767665100E-1
1.386463004E1,2.665806427E0,-9.125323792E0,4.448748779E-1
1.387459204E1,2.621348877E0,-9.776769104E0,4.433779907E-1
1.388455404E1,2.833008728E0,-1.071980804E1,3.336561584E-1
1.389451604E1,3.003803558E0,-1.152932465E1,9.145980835E-2
1.390447804E1,2.807561646E0,-1.171898026E1,-2.311193848E-1
1.391444004E1,2.671793976E0,-1.117531082E1,-5.170248413E-1
1.392440204E1,2.503394165E0,-1.049138306E1,-6.750961304E-1
1.393436404E1,1.910028076E0,-1.001342697E1,-6.923103333E-1
1.394432504E1,1.256786499E0,-9.803413696E0,-5.020559692E-1
1.395428704E1,9.686357117E-1,-9.662107544E0,-1.983375549E-1
1.396424904E1,8.978329468E-1,-9.554481354E0,-1.844165039E-1
1.397421104E1,1.069974976E0,-9.411528625E0,-3.776646423E-1
1.398417304E1,1.475332031E0,-9.276060333E0,-5.896238708E-1
1.399413504E1,1.926194458E0,-9.112151184E0,-6.777905273E-1
1.400409704E1,2.345322876E0,-9.002279663E0,-8.000862122E-1
1.401405904E1,2.606230316E0,-8.882678375E0,-1.080004120E0
1.402402004E1,2.693498840E0,-9.070837097E0,-1.305135956E0
1.403398204E1,2.600242767E0,-9.432784424E0,-1.361269226E0
1.404394404E1,2.217937775E0,-9.645941162E0,-1.247056732E0
1.405390604E1,1.767674103E0,-9.610015869E0,-9.517208862E-1
1.406386804E1,1.434017944E0,-9.418264618E0,-6.453080750E-1
1.407383004E1,1.091829529E0,-9.320667572E0,-4.599934387E-1
1.408379204E1,1.067130890E0,-9.303303680E0,-4.065545654E-1
1.409375404E1,1.319955139E0,-9.186995544E0,-3.412902832E-1
1.410371504E1,1.540147247E0,-9.075627136E0,-4.995112610E-1
1.411367704E1,1.755399628E0,-9.029822388E0,-8.303233337E-1
1.412363904E1,2.032024384E0,-9.031019897E0,-1.122515717E0
1.413360104E1,2.578088837E0,-8.998687134E0,-1.328487396E0
1.414356304E1,2.982697449E0,-8.804391174E0,-1.313817902E0
1.415352504E1,3.146905975E0,-8.375832367E0,-9.324110413E-1
1.416348704E1,3.262914734E0,-7.846982117E0,-3.227288818E-1
1.417344904E1,3.375480652E0,-7.527396698E0,4.071533203E-2
1.418341004E1,3.692521362E0,-7.662715302E0,-1.471440125E-1
1.419337204E1,3.837719421E0,-7.959847412E0,-4.719685364E-1
1.420333404E1,3.569626923E0,-8.163573761E0,-5.757028198E-1
1.421329604E1,3.110830994E0,-8.288563843E0,-6.060896301E-1
1.422325804E1,2.557880859E0,-8.295599213E0,-6.203100586E-1
1.423322004E1,2.070045319E0,-8.299042053E0,-7.487429810E-1
1.424318204E1,1.486558685E0,-8.421786804E0,-1.053509216E0
1.425314404E1,8.789721680E-1,-8.542136536E0,-1.502126312E0
1.426310504E1,3.510200500E-1,-8.389603729E0,-1.848955078E0
1.427306704E1,1.634600830E-1,-8.028404846E0,-1.907333679E0
1.428302904E1,5.533992004E-1,-7.611521759E0,-1.661844177E0
1.429299104E1,1.515598297E0,-7.277266846E0,-1.951940918E0
1.430295304E1,1.966460724E0,-7.453450470E0,-3.454216919E0
1.431291504E1,2.273921356E0,-7.659422150E0,-4.941074982E0
1.432287704E1,2.781815186E0,-7.563172302E0,-5.356461182E0
1.433283904E1,3.618874512E0,-7.105573883E0,-4.375550995E0
1.434280004E1,4.109703827E0,-6.346053314E0,-3.101400604E0
1.435276204E1,4.169279938E0,-5.842500458E0,-3.285517731E0
1.436272404E1,4.268074493E0,-5.525908813E0,-4.649032288E0
1.437268604E1,4.448599091E0,-5.361400909E0,-5.825286255E0
1.438264804E1,4.223616943E0,-5.523513794E0,-6.067033539E0
1.439261004E1,3.515589294E0,-6.044729919E0,-6.070326691E0
1.440257204E1,3.112477570E0,-6.383325806E0,-5.470973053E0
1.441253404E1,2.706821136E0,-6.353837128E0,-4.516857147E0
1.442249504E1,2.098935242E0,-6.256988525E0,-4.874014435E0
1.443245704E1,1.976789246E0,-6.186784515E0,-5.690117340E0
1.444241904E1,2.650238800E0,-6.113287354E0,-5.812263336E0
1.445238104E1,3.303330688E0,-6.071374512E0,-6.233337708E0
1.446234183E1,3.413800964E0,-6.173462219E0,-5.991440735E0
1.447230383E1,3.237617340E0,-6.117478638E0,-5.579197998E0
1.448226583E1,3.387455750E0,-5.726192322E0,-6.214027863E0
1.449222783E1,3.779939575E0,-5.342390442E0,-5.945186920E0
1.450218883E1,3.918251953E0,-5.097050629E0,-5.866001587E0
1.451215083E1,4.040847015E0,-4.827161865E0,-6.641838226E0
1.452211283E1,4.057761841E0,-4.722978516E0,-7.292684784E0
1.453207483E1,4.087998962E0,-4.683161316E0,-7.433990936E0
1.454203683E1,4.043391724E0,-4.774471436E0,-7.031927032E0
1.455199883E1,3.761976929E0,-4.855602722E0,-7.705675964E0
1.456196083E1,3.614982605E0,-4.741689606E0,-8.071365509E0
1.457192283E1,3.637585602E0,-4.446503448E0,-7.884853363E0
1.458188383E1,3.814218292E0,-4.089046783E0,-7.694000244E0
1.459184583E1,4.093387756E0,-3.561244354E0,-7.865693207E0
1.460180783E1,3.967649231E0,-3.194506989E0,-7.929610291E0
1.461176983E1,3.350332947E0,-2.988834686E0,-8.324489136E0
1.462173183E1,2.899769897E0,-2.695444794E0,-8.345295868E0
1.463169383E1,2.632874908E0,-2.482886810E0,-8.382718048E0
1.464165583E1,2.832859039E0,-2.185305634E0,-9.006470947E0
1.465161783E1,3.012485504E0,-1.814227295E0,-8.484805756E0
1.466157883E1,3.298390961E0,-1.374142456E0,-9.045539703E0
1.467154083E1,4.005670166E0,-1.112785950E0,-9.460626526E0
1.468150283E1,3.707789612E0,-1.139879608E0,-8.587192841E0
1.469146483E1,3.172053680E0,-1.349743195E0,-9.318272552E0
1.470142683E1,2.859653320E0,-1.927242279E0,-9.082512817E0
1.471138883E1,3.027454376E0,-1.999392242E0,-9.404642944E0
1.472135083E1,3.591780853E0,-1.558558960E0,-9.280401306E0
1.473131283E1,3.708238678E0,-7.548802185E-1,-9.562115479E0
1.474127383E1,3.640579376E0,9.774673462E-2,-1.005384293E1
1.475123583E1,3.379522247E0,8.530760193E-1,-9.240584106E0
1.476119783E1,3.561394043E0,1.744322662E0,-9.238039398E0
1.477115983E1,3.541934509E0,2.165846100E0,-8.881929932E0
1.478112183E1,3.203638000E0,1.974992981E0,-9.002279663E0
1.479108383E1,2.792443085E0,1.483415222E0,-9.524842987E0
1.480104583E1,2.969375153E0,1.375190277E0,-1.017509079E1
1.481100783E1,3.503165131E0,1.610201569E0,-9.009913788E0
1.482096883E1,4.166286163E0,1.806443481E0,-8.683891754E0
1.483093083E1,5.372627563E0,1.497036896E0,-9.992769928E0
1.484089283E1,5.278024292E0,1.118773499E0,-9.374555511E0
1.485085483E1,4.878205719E0,1.403780823E0,-1.003378464E1
1.486081683E1,4.270619202E0,2.157613220E0,-9.494007111E0
1.487077883E1,3.349734192E0,2.957100677E0,-9.054970093E0
1.488074083E1,2.335593109E0,3.737877045E0,-8.688232727E0
1.489070283E1,1.552571411E0,4.240232391E0,-8.982221375E0
1.490066383E1,1.528621216E0,4.102818146E0,-9.598639526E0
1.491062583E1,1.852846985E0,4.291575623E0,-9.163494415E0
1.492058783E1,2.654280396E0,4.713398438E0,-9.807604980E0
1.493054983E1,3.104843445E0,4.841082916E0,-9.204509125E0
1.494051183E1,3.343147888E0,4.727319489E0,-9.372908936E0
1.495047383E1,3.478765869E0,4.755011902E0,-9.366771698E0
1.496043583E1,2.947819977E0,4.628524933E0,-9.447753296E0
1.497039783E1,2.467468872E0,4.418062592E0,-9.746082916E0
1.498035883E1,2.075134735E0,4.488116913E0,-9.616302795E0
1.499032083E1,1.797162781E0,4.720284119E0,-9.850116577E0
1.500028283E1,1.503772888E0,4.814737701E0,-9.507928162E0
1.501024483E1,1.682351532E0,4.649780731E0,-9.513915710E0