"Time (s)","X (rad/s)","Y (rad/s)","Z (rad/s)"
2.383749998E-3,2.042382210E-2,-6.496965885E-2,1.202518400E-2
1.234575000E-2,-2.711570822E-3,-6.361635774E-2,1.229882147E-2
2.230775000E-2,-2.305971831E-2,-6.249996275E-2,1.310043316E-2
3.226875000E-2,-3.868919611E-2,-5.960808322E-2,1.674252748E-2
4.223075000E-2,-4.926327616E-2,-5.746503547E-2,2.310322225E-2
5.219175000E-2,-5.529386550E-2,-6.331841648E-2,2.950172685E-2
6.215375000E-2,-5.311326683E-2,-7.984519750E-2,3.254225850E-2
7.211475000E-2,-4.268350452E-2,-9.888980538E-2,3.488762304E-2
8.207675000E-2,-3.015386872E-2,-1.198701859E-1,3.780351952E-2
9.203875000E-2,-1.686127670E-2,-1.304680407E-1,3.766151890E-2
1.019997500E-1,-6.843529642E-3,-1.301167607E-1,3.859788924E-2
1.119617500E-1,3.163702786E-6,-1.134605035E-1,3.446442261E-2
1.219227500E-1,2.894291189E-3,-7.799492031E-2,2.900068276E-2
1.318847500E-1,5.505291745E-3,-2.831349894E-2,2.610413358E-2
1.418457500E-1,8.092552423E-3,2.480830997E-2,2.455630340E-2
1.518077500E-1,9.484679438E-3,8.274607360E-2,2.415804937E-2
1.617697500E-1,9.210374206E-3,1.369416714E-1,2.427709289E-2
1.717307500E-1,3.824212356E-3,1.780283302E-1,2.217315324E-2
1.816927500E-1,-2.027551644E-3,2.068557143E-1,1.803992689E-2
1.916537500E-1,3.532999195E-3,2.220697701E-1,1.214469224E-2
2.016157500E-1,1.687623560E-2,2.304283679E-1,9.728938341E-3
2.115767500E-1,3.686987236E-2,2.422767133E-1,1.539662853E-2
2.215387500E-1,5.621347576E-2,2.566247880E-1,1.763501577E-2
2.315007500E-1,6.294944137E-2,2.763916254E-1,1.548111439E-2
2.414617500E-1,5.491761118E-2,2.950580120E-1,1.760285534E-2
2.514237500E-1,3.250949085E-2,2.998137176E-1,1.532012783E-2
2.613847500E-1,8.351955563E-3,2.815108895E-1,1.398082450E-2
2.713467500E-1,-5.529447924E-3,2.456242889E-1,1.274089329E-2
2.813077500E-1,-5.032501649E-3,2.064931393E-1,1.318670623E-2
2.912697500E-1,5.333644338E-3,1.717181355E-1,1.575802639E-2
3.012307500E-1,1.392340381E-2,1.374214143E-1,2.200473659E-2
3.111927500E-1,1.164203510E-2,1.079779118E-1,2.720415033E-2
3.211547500E-1,-6.697557401E-3,8.304700255E-2,3.306203708E-2
3.311157500E-1,-4.440153763E-2,7.305353880E-2,4.306227714E-2
3.410777500E-1,-1.032640561E-1,8.689532429E-2,5.009754747E-2
3.510387500E-1,-1.804244369E-1,1.298231333E-1,6.026474386E-2
3.610007500E-1,-2.723631561E-1,2.035849839E-1,7.396271825E-2
3.709617500E-1,-3.892297745E-1,3.123431802E-1,1.035874709E-1
3.809237500E-1,-5.379539728E-1,4.325960875E-1,1.476617157E-1
3.908857500E-1,-7.273356915E-1,5.231367350E-1,2.057235241E-1
4.008467500E-1,-9.465556741E-1,5.242626667E-1,2.889344990E-1
4.108087500E-1,-1.182181478E0,4.070145488E-1,3.931143582E-1
4.207697500E-1,-1.394555449E0,1.827939451E-1,4.980514348E-1
4.307317500E-1,-1.518410325E0,-1.043669730E-1,5.638714433E-1
4.406927500E-1,-1.575807452E0,-4.171355367E-1,5.955314040E-1
4.506547500E-1,-1.611914277E0,-7.802807689E-1,6.064639091E-1
4.606167500E-1,-1.577704191E0,-1.206074476E0,6.222354174E-1
4.705777500E-1,-1.560281515E0,-1.656427860E0,6.810783744E-1
4.805397500E-1,-1.676546097E0,-2.001372814E0,7.174379826E-1
4.905007500E-1,-1.907361507E0,-2.131322622E0,6.492013335E-1
5.004627500E-1,-2.128435850E0,-2.036921024E0,4.469723701E-1
5.104237500E-1,-2.173540831E0,-1.838863254E0,1.527208984E-1
5.203857500E-1,-1.995829225E0,-1.258670688E0,-1.465057731E-1
5.303477500E-1,-1.762266994E0,-4.345844984E-1,-3.994601667E-1
5.403087500E-1,-1.543411613E0,5.642111897E-1,-5.495594144E-1
5.502707500E-1,-1.326796174E0,1.331953645E0,-5.512220263E-1
5.602317500E-1,-1.154084086E0,1.507847190E0,-3.818218112E-1
5.701937500E-1,-9.652390480E-1,1.247068524E0,-3.892004862E-2
5.801547500E-1,-9.052804112E-1,9.566239715E-1,2.726676464E-1
5.901167500E-1,-1.035866737E0,7.171726823E-1,4.499379694E-1
6.000787500E-1,-1.315657377E0,6.990762353E-1,5.827777386E-1
6.100396250E-1,-1.624879122E0,1.018635869E0,6.082649827E-1
6.200016250E-1,-1.577223182E0,1.461440206E0,3.903020322E-1
6.299626250E-1,-1.025499225E0,1.535474539E0,3.763434291E-2
6.399246250E-1,-3.430647552E-1,1.353309274E0,-1.538450718E-1
6.498866250E-1,8.673273027E-2,1.048776031E0,-2.018437088E-1
6.598476250E-1,3.612625599E-1,5.482345819E-1,-1.697126776E-1
6.698096250E-1,6.592388749E-1,-4.789463058E-2,-1.232179627E-1
6.797706250E-1,9.331492782E-1,-3.691512048E-1,-1.109663546E-1
6.897326250E-1,1.166224599E0,-3.646940887E-1,-1.176433489E-1
6.996936250E-1,1.374432445E0,-1.775513440E-1,-7.436272502E-2
7.096556250E-1,1.512295961E0,8.673085272E-2,1.549281180E-2
7.196176250E-1,1.601096034E0,3.731428981E-1,1.346551478E-1
7.295786250E-1,1.674010873E0,5.959171653E-1,1.715690196E-1
7.395406250E-1,1.791818142E0,6.849839091E-1,1.063620523E-1
7.495016250E-1,1.907424927E0,7.152152061E-1,-5.206129327E-2
7.594636250E-1,1.921896338E0,7.958022356E-1,-2.309860438E-1
7.694246250E-1,1.838766217E0,9.066519141E-1,-3.819330335E-1
7.793866250E-1,1.698678017E0,9.701851010E-1,-4.812330008E-1
7.893486250E-1,1.498242617E0,8.835438490E-1,-5.878645182E-1
7.993096250E-1,1.260433316E0,7.123683691E-1,-6.404459476E-1
8.092716250E-1,1.018417239E0,5.008376241E-1,-6.231855154E-1
8.192326250E-1,7.465556264E-1,1.894946694E-1,-6.223822832E-1
8.291946250E-1,4.301967621E-1,-2.110752016E-1,-6.350673437E-1
8.391556250E-1,1.614105552E-1,-5.931434631E-1,-6.151527762E-1
8.491176250E-1,4.037770256E-2,-8.982342482E-1,-4.906519353E-1
8.590796250E-1,6.188698858E-2,-1.093352556E0,-2.885829806E-1
8.690406250E-1,1.576318294E-1,-1.139857292E0,-8.159148693E-2
8.790026250E-1,3.057650924E-1,-1.080986261E0,9.127803147E-2
8.889636250E-1,4.945966303E-1,-9.518965483E-1,2.178577036E-1
8.989256250E-1,7.180209756E-1,-7.899318933E-1,3.252078593E-1
9.088866250E-1,9.713783264E-1,-6.156011820E-1,4.311446249E-1
9.188486250E-1,1.199501276E0,-4.378138781E-1,5.137037039E-1
9.288106250E-1,1.327049732E0,-2.653742135E-1,5.414358974E-1
9.387716250E-1,1.220056891E0,-1.543606222E-1,5.787377357E-1
9.487336250E-1,7.882926464E-1,-1.668500006E-1,6.512809992E-1
9.586946250E-1,9.450165182E-2,-2.509153485E-1,6.731351614E-1
9.686566250E-1,-7.118539810E-1,-3.826721907E-1,5.396438241E-1
9.786186250E-1,-1.378922343E0,-5.819016695E-1,3.407820761E-1
9.885796250E-1,-1.734291434E0,-8.319953680E-1,1.908205897E-1
9.985416250E-1,-1.814065099E0,-1.031871676E0,1.088929698E-1
1.008502625E0,-1.701043844E0,-1.155775905E0,9.640082717E-2
1.018464625E0,-1.474104404E0,-1.239209533E0,1.401080936E-1
1.028425625E0,-1.227782249E0,-1.329603672E0,2.015140504E-1
1.038387625E0,-1.020691633E0,-1.439579725E0,2.272441685E-1
1.048349625E0,-8.612442017E-1,-1.522946119E0,1.804808676E-1
1.058310625E0,-7.603831291E-1,-1.515845895E0,4.969542846E-2
1.068272625E0,-9.367923141E-1,-1.313759565E0,-1.598906070E-1
1.078233625E0,-2.779042721E0,2.000085562E-1,-3.648490608E-1
1.088195625E0,-5.317612171E0,2.481148243E0,-5.372703075E-1
1.098157625E0,-5.740899086E0,2.847960949E0,-6.130374670E-1
1.108118625E0,-4.977925777E0,2.377270460E0,-4.332742691E-1
1.118080625E0,-3.994774342E0,2.944386721E0,-9.670874476E-2
1.128041625E0,-2.359896183E0,3.131917715E0,1.457243562E-1
1.138003625E0,-9.454323649E-1,4.542708099E-1,4.024581313E-1
1.147964625E0,7.261955738E-2,-1.890972018E0,6.692615151E-1
1.157926625E0,8.104137182E-1,-2.829309940E0,7.386517525E-1
1.167888625E0,7.602261305E-1,-2.715922594E0,5.653682351E-1
1.177849625E0,-1.848785728E-1,-1.218013287E0,2.463787496E-1
1.187811625E0,-2.511865497E-1,5.159171224E-1,-3.831473365E-2
1.197772625E0,2.377823591E-1,1.120672822E0,-1.252011508E-1
1.207734625E0,2.252547443E-1,7.586554289E-1,-1.273540966E-2
1.217695625E0,2.550560236E-1,3.754513264E-1,1.102568209E-1
1.227657625E0,8.476976752E-1,4.597497582E-1,1.246212125E-1
1.237619625E0,1.393549085E0,6.528688669E-1,5.768292397E-2
1.247580625E0,1.722381115E0,6.271818876E-1,8.705796674E-3
1.257542625E0,1.999198318E0,4.503804743E-1,8.990057977E-4
1.267503625E0,2.192385674E0,2.976624668E-1,1.686118310E-3
1.277465625E0,2.271742821E0,2.476858646E-1,-1.104592159E-2
1.287426625E0,2.260535479E0,3.009072244E-1,-3.116029687E-2
1.297388625E0,2.168171883E0,4.219614565E-1,-8.347010612E-2
1.307350625E0,2.001468182E0,5.906695127E-1,-2.009005845E-1
1.317311625E0,1.792611957E0,6.875409484E-1,-3.234035969E-1
1.327273625E0,1.596879125E0,6.743571758E-1,-4.139812589E-1
1.337234625E0,1.365576148E0,6.044853926E-1,-4.859582484E-1
1.347196625E0,1.115382552E0,4.598800540E-1,-5.573107004E-1
1.357158625E0,9.223747849E-1,2.906167209E-1,-5.976660848E-1
1.367119625E0,7.899226546E-1,1.872269511E-1,-6.107267737E-1
1.377081625E0,6.903201342E-1,1.986716241E-1,-6.145542264E-1
1.387042625E0,6.084228158E-1,2.832601964E-1,-6.026752591E-1
1.397004625E0,5.402725339E-1,3.644165695E-1,-5.656322837E-1
1.406965625E0,4.887614548E-1,3.979295194E-1,-5.109842420E-1
1.416927625E0,4.739827812E-1,3.873434663E-1,-4.185081720E-1
1.426889625E0,5.264470577E-1,3.205644786E-1,-3.161481321E-1
1.436850625E0,6.472301483E-1,1.917833239E-1,-2.335379720E-1
1.446812625E0,7.944586277E-1,1.267760992E-3,-1.877182424E-1
1.456773625E0,9.220559597E-1,-1.391034722E-1,-1.585377157E-1
1.466735625E0,1.001464725E0,-1.814186573E-1,-1.391218901E-1
1.476697625E0,1.031110764E0,-1.644247621E-1,-1.257312596E-1
1.486658625E0,1.036785007E0,-1.254060268E-1,-1.035548821E-1
1.496620625E0,1.018764257E0,-6.130933762E-2,-7.222678512E-2
1.506581625E0,9.775819778E-1,4.455314483E-4,-2.551452070E-2
1.516543625E0,8.855460882E-1,3.424317390E-2,3.569157794E-2
1.526504625E0,5.531721115E-1,-2.083791979E-2,1.340935081E-1
1.536466625E0,-2.771516331E-3,-2.385225743E-1,2.825751305E-1
1.546428625E0,-4.771005809E-1,-5.794835687E-1,3.618984818E-1
1.556389625E0,-7.412722707E-1,-9.326930046E-1,3.658998907E-1
1.566351625E0,-8.335238695E-1,-1.267055750E0,3.263643682E-1
1.576312625E0,-8.504050970E-1,-1.540615082E0,2.638210952E-1
1.586274625E0,-8.999555707E-1,-1.720768452E0,2.271606922E-1
1.596235625E0,-1.040209413E0,-1.850039601E0,2.245127112E-1
1.606197625E0,-1.320109367E0,-1.917033434E0,2.201286405E-1
1.616160042E0,-1.720673800E0,-1.878327370E0,1.910948604E-1
1.626121042E0,-2.192076683E0,-1.662424564E0,1.340313852E-1
1.636083042E0,-2.631405115E0,-1.230425477E0,6.333964318E-2
1.646044042E0,-3.096012354E0,-6.322259307E-1,5.869757757E-2
1.656006042E0,-3.765000582E0,8.758469671E-2,2.279827446E-1
1.665968042E0,-5.108477592E0,9.102389216E-1,5.368176103E-1
1.675929042E0,-5.909372330E0,1.573161244E0,6.137397885E-1
1.685891042E0,-4.403812885E0,3.012679100E0,5.005557537E-1
1.695852042E0,-1.525776505E0,4.576776505E0,3.580918312E-1
1.705814042E0,-5.919280648E-1,1.672003031E0,6.700937152E-1
1.715775042E0,-1.338550895E-1,-2.030116796E0,7.873633504E-1
1.725737042E0,5.009124875E-1,-3.680512905E0,4.334949553E-1
1.735699042E0,6.366343498E-1,-3.798046350E0,1.242646575E-1
1.745660042E0,-3.232734799E-1,-2.167153358E0,-1.538073458E-2
1.755622042E0,-8.559333682E-1,3.391057849E-1,-1.473366320E-1
1.765583042E0,-4.066140652E-1,2.008001804E0,-2.309327126E-1
1.775545042E0,-6.977823377E-2,2.047751904E0,-1.754849106E-1
1.785507042E0,-8.142381161E-2,1.114125371E0,-5.734930560E-2
1.795468042E0,2.865390480E-1,3.797825575E-1,-2.427098155E-2
1.805430042E0,8.910242319E-1,2.290413231E-1,-7.033109665E-2
1.815391042E0,1.282079339E0,2.111558020E-1,-1.379455626E-1
1.825353042E0,1.479130983E0,1.098035574E-1,-1.379477531E-1
1.835314042E0,1.638152361E0,1.635430008E-2,-1.028877571E-1
1.845276042E0,1.809425712E0,5.194080248E-2,-6.621389836E-2
1.855238042E0,1.937765360E0,1.965216845E-1,-5.477801710E-2
1.865199042E0,2.030532837E0,3.239507973E-1,-8.467996120E-2
1.875161042E0,2.082870245E0,3.867664933E-1,-1.405136585E-1
1.885122042E0,2.056071281E0,3.629260957E-1,-2.267822921E-1
1.895084042E0,1.933062315E0,2.445219308E-1,-2.875689566E-1
1.905045042E0,1.751972318E0,7.576175034E-2,-3.133487999E-1
1.915007042E0,1.540206790E0,-1.050724834E-1,-3.090518117E-1
1.924969042E0,1.313882947E0,-2.542380691E-1,-3.058470488E-1
1.934930042E0,1.103463411E0,-3.250714839E-1,-2.875311375E-1
1.944892042E0,9.205260873E-1,-2.638906240E-1,-2.778457105E-1
1.954853042E0,7.740694880E-1,-5.083242059E-2,-2.792593241E-1
1.964815042E0,6.298831701E-1,1.672340184E-1,-2.982661128E-1
1.974777042E0,4.979566336E-1,3.007715642E-1,-3.340030611E-1
1.984738042E0,3.892896473E-1,3.406173587E-1,-3.702142537E-1
1.994700042E0,3.089258373E-1,2.768972218E-1,-3.818884790E-1
2.004661042E0,2.640695572E-1,1.475370228E-1,-3.613619804E-1
2.014623042E0,2.691783011E-1,-1.001860015E-3,-3.276357055E-1
2.024584042E0,3.235676289E-1,-1.288702488E-1,-2.911924124E-1
2.034546042E0,4.062220156E-1,-1.978370696E-1,-2.518537939E-1
2.044508042E0,4.969483614E-1,-2.203700393E-1,-2.154483497E-1
2.054469042E0,5.887914896E-1,-2.207876295E-1,-1.922618151E-1
2.064431042E0,6.784248352E-1,-1.999269873E-1,-1.770305485E-1
2.074392042E0,7.591769695E-1,-1.441462785E-1,-1.600068212E-1
2.084354042E0,8.152387142E-1,-8.058629185E-2,-1.328157783E-1
2.094316042E0,8.293894529E-1,-1.807071827E-2,-9.520927072E-2
2.104277042E0,7.814246416E-1,3.250620887E-2,-4.238863662E-2
2.114239042E0,6.153858304E-1,4.745053872E-2,4.020237923E-2
2.124200042E0,3.069040477E-1,-3.539659828E-2,1.723335832E-1
2.134162042E0,-1.959764771E-2,-2.243193835E-1,2.813868523E-1
2.144123042E0,-2.358161360E-1,-4.616526961E-1,3.183303475E-1
2.154085042E0,-3.038953245E-1,-7.102093101E-1,3.059309423E-1
2.164047042E0,-2.407308817E-1,-8.971412182E-1,2.832081318E-1
2.174008042E0,-1.161500812E-1,-9.738125801E-1,2.789124548E-1
2.183970042E0,-3.022776917E-2,-9.970744848E-1,2.770754099E-1
2.193931042E0,-5.131440982E-2,-1.029555202E0,3.018018007E-1
2.203893042E0,-3.283288777E-1,-1.056919336E0,3.667404354E-1
2.213855042E0,-1.244021654E0,-1.029410720E0,4.196092486E-1
2.223816042E0,-2.962690353E0,-8.507928848E-1,4.868722856E-1
2.233778042E0,-4.794693947E0,-8.269147277E-1,5.541605353E-1
2.243739042E0,-5.812245369E0,-8.321988583E-1,4.869025648E-1
2.253701042E0,-5.939173698E0,-7.351551205E-3,3.887773454E-1
2.263662042E0,-3.708338022E0,2.656514645E0,3.118729293E-1
2.273624042E0,-1.185133219E0,2.426995754E0,3.674749434E-1
2.283586042E0,2.285120934E-1,4.895097911E-1,7.224633098E-1
2.293547042E0,1.955698580E-1,-1.599273682E0,1.083505154E0
2.303509042E0,-3.343273103E-1,-2.762263536E0,9.489529729E-1
2.313470042E0,-3.177992105E-1,-2.170422077E0,2.861273885E-1
2.323432042E0,1.042596344E-2,-1.100839376E0,-2.385750860E-1
2.333394042E0,1.621076316E-1,-3.420806229E-1,-4.859153628E-1
2.343355042E0,1.225733757E-2,-1.112156585E-1,-5.025558472E-1
2.353317042E0,-5.629482493E-2,-5.242717639E-2,-2.370759547E-1
2.363278042E0,2.517021000E-1,8.320092410E-2,-1.118805185E-1
2.373240042E0,6.760757565E-1,3.763904572E-1,-1.339975297E-1
2.383201042E0,8.991851807E-1,6.939857602E-1,-1.594309509E-1
2.393163042E0,1.086614966E0,8.742513657E-1,-2.326993048E-1
2.403125042E0,1.337649584E0,9.342315197E-1,-3.638260663E-1
2.413086042E0,1.570286274E0,9.118106365E-1,-4.339438975E-1
2.423048042E0,1.692031026E0,8.592793941E-1,-4.481836557E-1
2.433009042E0,1.674574018E0,8.626352549E-1,-4.628363550E-1
2.442971042E0,1.649415970E0,9.145730138E-1,-4.773577750E-1
2.452932042E0,1.657463431E0,9.931865931E-1,-4.807746112E-1
2.462894042E0,1.615368009E0,1.089505196E0,-4.816893339E-1
2.472856042E0,1.512079716E0,1.181993127E0,-4.875741005E-1
2.482817042E0,1.376664281E0,1.195312262E0,-4.997036755E-1
2.492779042E0,1.247899294E0,1.086689115E0,-5.112876296E-1
2.502740042E0,1.148815632E0,8.749389052E-1,-5.026822090E-1
2.512702042E0,1.059095621E0,5.945642591E-1,-4.795227647E-1
2.522664042E0,9.458303452E-1,3.161035180E-1,-4.396271110E-1
2.532625042E0,8.158494234E-1,1.013073251E-1,-3.952703178E-1
2.542587042E0,6.801456809E-1,-2.472059429E-2,-3.492646813E-1
2.552548042E0,5.306608677E-1,-9.757429361E-2,-2.962400615E-1
2.562510042E0,3.691586256E-1,-1.623314619E-1,-2.452381551E-1
2.572471042E0,2.349587679E-1,-2.250244021E-1,-2.034955025E-1
2.582433042E0,1.426613778E-1,-2.822633684E-1,-1.750163585E-1
2.592395042E0,9.219633788E-2,-3.528459072E-1,-1.577606797E-1
2.602356042E0,6.842256337E-2,-4.297662973E-1,-1.463008821E-1
2.612318292E0,8.092530072E-2,-5.003784299E-1,-1.365563720E-1
2.622279292E0,1.418442279E-1,-5.588186979E-1,-1.336174160E-1
2.632241292E0,2.236975580E-1,-5.736530423E-1,-1.214126870E-1
2.642203292E0,2.863052785E-1,-5.447386503E-1,-9.867600352E-2
2.652164292E0,3.118788004E-1,-4.853762090E-1,-6.485785544E-2
2.662126292E0,2.866732180E-1,-4.182367027E-1,-1.997728460E-2
2.672087292E0,1.930726916E-1,-3.827844262E-1,4.900231585E-2
2.682049292E0,-3.407768160E-2,-4.317970574E-1,1.760568321E-1
2.692010292E0,-3.894123435E-1,-6.080014110E-1,2.850847840E-1
2.701972292E0,-7.836448550E-1,-8.341767788E-1,3.507092893E-1
2.711934292E0,-1.088522196E0,-1.017019868E0,3.977462947E-1
2.721895292E0,-1.227042913E0,-1.095588326E0,4.192705452E-1
2.731857292E0,-1.203033686E0,-1.020986199E0,4.069792628E-1
2.741818292E0,-1.088242054E0,-8.571692109E-1,3.662802577E-1
2.751780292E0,-9.458470941E-1,-6.891183853E-1,2.996687293E-1
2.761742292E0,-8.364475369E-1,-5.488209128E-1,2.608007193E-1
2.771703292E0,-8.104787469E-1,-4.649488926E-1,2.498114705E-1
2.781665292E0,-9.996823072E-1,-3.252688348E-1,2.336260676E-1
2.791626292E0,-1.888163447E0,-8.052617311E-2,2.005914152E-1
2.801588292E0,-3.625898361E0,4.630395174E-1,5.810818076E-2
2.811549292E0,-4.548024178E0,1.366762161E0,-1.818596721E-1
2.821511292E0,-3.232270002E0,3.145018101E0,-1.235151216E-1
2.831473292E0,-1.462190628E0,2.805121899E0,4.771526158E-1
2.841434292E0,-4.924570322E-1,7.794767618E-1,1.278730392E0
2.851396292E0,9.139042348E-2,-1.595039964E0,1.770618320E0
2.861357292E0,5.845659971E-1,-3.267730236E0,1.644690752E0
2.871319292E0,2.618292272E-1,-3.747877121E0,9.316642880E-1
2.881281292E0,-4.993802607E-1,-2.254003525E0,1.835471690E-1
2.891242292E0,-3.803454638E-1,-3.621312380E-1,-1.262186766E-1
2.901204292E0,1.179914698E-1,9.119254351E-1,-2.379056513E-1
2.911165292E0,2.190001011E-1,1.731358171E0,-3.218791187E-1
2.921127292E0,5.791063607E-2,1.599147081E0,-2.696482241E-1
2.931088292E0,2.878881991E-1,6.414033175E-1,-2.060146630E-1
2.941050292E0,8.593727350E-1,8.571726829E-2,-1.781459004E-1
2.951012292E0,1.270011067E0,1.462320089E-1,-1.378993988E-1
2.960973292E0,1.472757578E0,4.197435677E-1,-9.156163782E-2
2.970935292E0,1.665045857E0,7.324537635E-1,-1.706703007E-1
2.980896292E0,1.835804224E0,1.052566648E0,-2.529941201E-1
2.990858292E0,1.874285579E0,1.291890860E0,-3.060762584E-1
3.000819292E0,1.832799673E0,1.432888627E0,-3.034228086E-1
3.010781292E0,1.748255014E0,1.484942794E0,-2.654581070E-1
3.020743292E0,1.614720464E0,1.459268332E0,-2.606488466E-1
3.030704292E0,1.469782472E0,1.360932708E0,-2.947823107E-1
3.040666292E0,1.298616409E0,1.153976917E0,-3.880529404E-1
3.050627292E0,1.102999687E0,8.494251370E-1,-5.331174135E-1
3.060589292E0,9.433590770E-1,5.507948995E-1,-6.827321649E-1
3.070551292E0,8.419008851E-1,2.945601940E-1,-7.954059839E-1
3.080512292E0,7.519536018E-1,2.423436381E-2,-8.268159032E-1
3.090474292E0,6.319236159E-1,-3.013724685E-1,-7.633050680E-1
3.100435292E0,5.358533859E-1,-5.559958816E-1,-6.238977909E-1
3.110397292E0,5.057029724E-1,-6.658850908E-1,-4.313448668E-1
3.120359292E0,5.129339099E-1,-6.434296370E-1,-2.490797788E-1
3.130320292E0,5.236699581E-1,-4.957783818E-1,-1.148079857E-1
3.140282292E0,5.240520239E-1,-2.870185673E-1,-2.350501902E-2
3.150243292E0,5.029656291E-1,-1.048615724E-1,4.389160126E-2
3.160205292E0,4.819335639E-1,-7.733255625E-3,9.863516688E-2
3.170166292E0,4.713094234E-1,2.228190191E-2,1.446322203E-1
3.180128292E0,4.851985276E-1,2.031758055E-2,1.926636994E-1
3.190090292E0,5.019268990E-1,5.161824450E-2,2.328476012E-1
3.200051292E0,4.875106812E-1,1.294578463E-1,2.584423721E-1
3.210013292E0,4.547394216E-1,2.179285884E-1,2.808286548E-1
3.219974292E0,3.991731703E-1,2.669159472E-1,3.026261926E-1
3.229936292E0,2.759609520E-1,1.963720173E-1,3.160226941E-1
3.239898292E0,2.241818793E-2,-2.770755813E-2,3.133798838E-1
3.249859292E0,-3.366049528E-1,-3.938463926E-1,3.125292957E-1
3.259821292E0,-6.781473756E-1,-8.608581424E-1,3.093158603E-1
3.269782292E0,-8.667700291E-1,-1.339661956E0,2.804658413E-1
3.279744292E0,-8.795415759E-1,-1.716288328E0,2.641108036E-1
3.289705292E0,-8.115979433E-1,-1.934286714E0,3.050036430E-1
3.299667292E0,-7.636726499E-1,-2.047167063E0,3.987240791E-1
3.309629292E0,-8.164176345E-1,-2.101614952E0,5.280716419E-1
3.319590292E0,-9.887409210E-1,-2.115974665E0,6.529704332E-1
3.329552292E0,-1.246007919E0,-2.074375391E0,6.677441001E-1
3.339513292E0,-1.452673912E0,-1.909722686E0,5.968319774E-1
3.349475292E0,-1.691055417E0,-1.565128565E0,5.064352155E-1
3.359437292E0,-2.511954784E0,-7.517220378E-1,3.632773757E-1
3.369398292E0,-3.430874348E0,3.788425922E-1,1.348213106E-1
3.379360292E0,-3.534556627E0,1.201303363E0,-1.805811562E-2
3.389321292E0,-3.016630173E0,1.801941156E0,1.582069248E-1
3.399283292E0,-2.594885111E0,3.208078146E0,4.192822874E-1
3.409244292E0,-1.914532542E0,4.516829967E0,5.967846513E-1
3.419206292E0,-1.094816685E0,3.166018009E0,7.992591858E-1
3.429168292E0,-6.130530238E-1,1.977108866E-1,9.702935219E-1
3.439129292E0,-1.109318659E-1,-1.877567530E0,7.446684241E-1
3.449091292E0,2.259215266E-1,-2.577577353E0,3.713941574E-1
3.459052292E0,4.422346875E-2,-2.271050692E0,1.685862988E-1
3.469014292E0,-1.921411306E-1,-1.598670244E0,3.516165912E-2
3.478976292E0,-1.315215975E-1,-6.320847273E-1,-3.184453025E-2
3.488937292E0,1.763446182E-1,2.435296178E-1,-2.380045131E-2
3.498899292E0,4.856701791E-1,6.114178300E-1,1.848090626E-2
3.508860292E0,6.679776907E-1,5.932356119E-1,-1.148764510E-2
3.518822292E0,8.244815469E-1,6.309525371E-1,-1.732252091E-1
3.528783292E0,1.110080004E0,7.589067817E-1,-2.803553939E-1
3.538745292E0,1.417415857E0,8.235576153E-1,-2.901335657E-1
3.548707292E0,1.607644081E0,7.636862993E-1,-2.658974528E-1
3.558668292E0,1.742724299E0,6.495443583E-1,-2.354470491E-1
3.568630292E0,1.868151426E0,6.608982086E-1,-2.299966216E-1
3.578591292E0,1.955346107E0,8.221860528E-1,-2.752172649E-1
3.588553292E0,2.057579517E0,9.713073373E-1,-3.568702936E-1
3.598515292E0,2.086440325E0,1.097620368E0,-4.468493164E-1
3.608476292E0,1.974078774E0,1.171720743E0,-5.352955461E-1
3.618438125E0,1.743991256E0,1.138307095E0,-6.190064549E-1
3.628399125E0,1.471427560E0,9.796820879E-1,-6.639899015E-1
3.638361125E0,1.214571357E0,7.148678303E-1,-7.251684666E-1
3.648322125E0,9.791145921E-1,4.627077579E-1,-7.525244355E-1
3.658284125E0,7.464315891E-1,2.474745959E-1,-7.280757427E-1
3.668246125E0,5.092216730E-1,-3.033890948E-2,-6.894860268E-1
3.678207125E0,2.975429296E-1,-3.501192331E-1,-6.024426818E-1
3.688169125E0,2.444394827E-1,-5.175148845E-1,-4.334679842E-1
3.698130125E0,3.695286512E-1,-4.377942979E-1,-2.157530785E-1
3.708092125E0,6.003578901E-1,-2.185932398E-1,3.331026807E-2
3.718054125E0,8.439247608E-1,3.594100475E-2,2.894509435E-1
3.728015125E0,1.021591187E0,2.447570711E-1,5.071976185E-1
3.737977125E0,1.103514075E0,3.981156051E-1,6.791788340E-1
3.747938125E0,1.063208222E0,5.263931751E-1,8.300570846E-1
3.757900125E0,8.265785575E-1,5.708847046E-1,9.914150238E-1
3.767862125E0,4.396564364E-1,5.004854202E-1,1.167634249E0
3.777823125E0,3.968144953E-2,3.130903244E-1,1.319964290E0
3.787785125E0,-2.928133905E-1,5.575901829E-3,1.364406109E0
3.797746125E0,-4.887720644E-1,-3.266049325E-1,1.263179064E0
3.807708125E0,-5.118294358E-1,-5.742981434E-1,1.101551533E0
3.817669125E0,-4.160702229E-1,-6.832462549E-1,9.399686456E-1
3.827631125E0,-2.777730525E-1,-7.113559246E-1,7.829515934E-1
3.837593125E0,-1.565722972E-1,-6.893111467E-1,6.202960610E-1
3.847554125E0,-4.570676759E-2,-6.496303082E-1,4.801972508E-1
3.857516125E0,4.249262065E-2,-5.993739367E-1,3.647744060E-1
3.867477125E0,6.666533649E-2,-5.557601452E-1,2.735060155E-1
3.877439125E0,2.187123336E-2,-5.036090612E-1,2.375544012E-1
3.887401125E0,-8.032304794E-2,-4.633591473E-1,2.482999861E-1
3.897362125E0,-2.291494012E-1,-4.555105269E-1,2.787694931E-1
3.907324125E0,-4.015624523E-1,-4.788092077E-1,2.930064797E-1
3.917285125E0,-6.119868755E-1,-5.181316137E-1,2.872499824E-1
3.927247125E0,-1.467038274E0,-5.503532290E-1,3.040521145E-1
3.937209125E0,-2.984583139E0,-4.806476831E-1,2.546361089E-1
3.947170125E0,-4.533399582E0,-2.932820320E-1,-6.908285618E-2
3.957132125E0,-5.362387180E0,-1.879735142E-1,-6.644732952E-1
3.967093125E0,-5.505437374E0,8.915875852E-2,-1.153624892E0
3.977055125E0,-5.835220337E0,1.246288538E0,-1.246036530E0
3.987016125E0,-3.647362947E0,4.388822079E0,-6.605208516E-1
3.996978125E0,-1.146055222E0,3.517513037E0,8.047139645E-2
4.006940125E0,-4.065680206E-1,-5.639422685E-3,6.359873414E-1
4.016901125E0,-5.547190905E-1,-2.697630405E0,6.847910285E-1
4.026863125E0,-4.669839442E-1,-3.319277287E0,6.696600318E-1
4.036824125E0,-2.818725705E-1,-2.719583273E0,6.493360996E-1
4.046786125E0,-5.634177327E-1,-1.708700657E0,4.323066175E-1
4.056748125E0,-8.642218113E-1,-4.096266627E-1,1.097799167E-1
4.066709125E0,-4.341074228E-1,8.597682714E-1,-2.102358937E-1
4.076671125E0,2.861918807E-1,1.131221175E0,-3.198018074E-1
4.086632125E0,6.879653931E-1,5.472087264E-1,-2.132149041E-1
4.096594125E0,6.823581457E-1,-5.861859396E-2,-8.385427296E-2
4.106555125E0,7.509105802E-1,-1.937428564E-1,-9.450798482E-2
4.116517125E0,1.005640507E0,5.095058307E-2,-2.522471845E-1
4.126479125E0,1.291186929E0,2.716680467E-1,-3.523378372E-1
4.136440125E0,1.606841683E0,3.109553456E-1,-3.252792656E-1
4.146402125E0,1.797920346E0,3.222743273E-1,-2.838982642E-1
4.156363125E0,1.915163994E0,3.865860105E-1,-2.917648554E-1
4.166325125E0,2.024636269E0,5.102877021E-1,-3.382127881E-1
4.176287125E0,2.057700872E0,6.211934090E-1,-3.983424306E-1
4.186248125E0,2.026894331E0,6.586974263E-1,-4.635590017E-1
4.196210125E0,1.900576591E0,6.184558868E-1,-5.068168044E-1
4.206171125E0,1.692256927E0,5.332917571E-1,-5.272088647E-1
4.216133125E0,1.468628645E0,4.139782488E-1,-5.399765372E-1
4.226094125E0,1.267314792E0,2.170276642E-1,-5.253840089E-1
4.236056125E0,1.097307444E0,-2.874372527E-3,-5.175654888E-1
4.246018125E0,9.527305365E-1,-1.923231333E-1,-5.103986859E-1
4.255979125E0,8.465895653E-1,-3.259598315E-1,-4.977681637E-1
4.265941125E0,7.578458190E-1,-4.025153220E-1,-4.802618623E-1
4.275902125E0,6.527441144E-1,-4.234012365E-1,-4.753116667E-1
4.285864125E0,5.638754964E-1,-3.533795476E-1,-4.670979381E-1
4.295826125E0,5.434688330E-1,-1.890800595E-1,-4.249688387E-1
4.305787125E0,5.341379046E-1,3.530058265E-2,-3.647071123E-1
4.315749125E0,4.941567481E-1,2.736013830E-1,-3.172034025E-1
4.325710125E0,4.292134345E-1,4.854111075E-1,-2.780075371E-1
4.335672125E0,4.137752950E-1,6.465265155E-1,-2.215162665E-1
4.345634125E0,5.594014525E-1,7.186342478E-1,-1.487882733E-1
4.355595125E0,7.995462418E-1,7.116559744E-1,-7.537321001E-2
4.365557125E0,1.027981639E0,6.891863346E-1,-1.023042575E-2
4.375518125E0,1.168980002E0,6.994953752E-1,4.588948190E-2
4.385480125E0,1.220866919E0,7.495247126E-1,8.996852487E-2
4.395442125E0,1.217602491E0,7.914189696E-1,1.209571809E-1
4.405403125E0,1.168305993E0,7.854663134E-1,1.460364461E-1
4.415365125E0,1.076379776E0,6.784903407E-1,1.581826210E-1
4.425326125E0,9.182195067E-1,4.068812132E-1,1.628452837E-1
4.435288125E0,6.838082671E-1,2.671140060E-2,1.796065718E-1
4.445249125E0,2.556273639E-1,-4.855891764E-1,2.220046371E-1
4.455211125E0,-3.179751933E-1,-1.069275022E0,2.554256916E-1
4.465173125E0,-7.919462323E-1,-1.526652694E0,2.371540219E-1
4.475134125E0,-1.104389668E0,-1.873715043E0,1.735914946E-1
4.485096125E0,-1.325538397E0,-2.147273779E0,9.751962125E-2
4.495057125E0,-1.528567195E0,-2.340764284E0,4.270220920E-2
4.505019125E0,-1.749444246E0,-2.453519821E0,4.024224728E-2
4.514981125E0,-2.004154444E0,-2.503238678E0,8.287814260E-2
4.524942125E0,-2.277656317E0,-2.494922161E0,1.324422359E-1
4.534904125E0,-2.607378006E0,-2.362197876E0,2.053306401E-1
4.544865125E0,-3.686623573E0,-2.061685562E0,3.314028382E-1
4.554827125E0,-5.495646477E0,-1.295887470E0,5.101391077E-1
4.564789125E0,-5.570453644E0,3.351886570E-1,6.609901190E-1
4.574750125E0,-3.131676912E0,3.914722919E0,5.831329226E-1
4.584712125E0,-1.817604780E0,4.356894970E0,6.830241084E-1
4.594673125E0,-1.704262376E0,1.273354530E0,8.262314796E-1
4.604635125E0,-1.168194652E0,-1.872308016E0,7.186088562E-1
4.614595750E0,-4.281308353E-1,-2.817928314E0,3.845691681E-1
4.624557750E0,1.409595311E-1,-2.698561907E0,-7.199650258E-2
4.634519750E0,-8.199864626E-2,-2.216785908E0,-2.407332957E-1
4.644480750E0,-1.652850151E0,-1.170546293E0,-1.887036562E-1
4.654442750E0,-1.072134495E0,1.391373992E0,-2.682125568E-1
4.664403750E0,1.764097810E-1,2.567070723E0,-3.762806952E-1
4.674365750E0,4.908916950E-1,1.723135352E0,-2.421021163E-1
4.684327750E0,4.004038572E-1,2.228736579E-1,-3.817216307E-2
4.694288750E0,7.933154106E-1,-5.060983300E-1,2.322825789E-2
4.704250750E0,1.066962004E0,-4.970302880E-1,-1.178617552E-1
4.714211750E0,9.641432166E-1,-2.318735272E-1,-2.468895763E-1
4.724173750E0,9.164273143E-1,-2.901858184E-3,-2.767987549E-1
4.734135750E0,1.107317805E0,3.235126436E-1,-2.876996994E-1
4.744096750E0,1.394330382E0,6.730799675E-1,-3.063375652E-1
4.754058750E0,1.627874136E0,9.833347797E-1,-3.147962987E-1
4.764019750E0,1.810068965E0,1.195336819E0,-3.382129371E-1
4.773981750E0,1.972415328E0,1.280250311E0,-3.424197137E-1
4.783942750E0,2.045207262E0,1.281577110E0,-3.622693419E-1
4.793904750E0,1.973186731E0,1.215707660E0,-4.047008157E-1
4.803866750E0,1.788453698E0,1.099738359E0,-4.508826733E-1
4.813827750E0,1.557618022E0,9.565836787E-1,-4.623749852E-1
4.823789750E0,1.311591983E0,7.576082945E-1,-4.497638643E-1
4.833750750E0,1.072130322E0,4.856516421E-1,-4.172149003E-1
4.843712750E0,8.401836753E-1,2.322324514E-1,-3.575992584E-1
4.853674750E0,6.528299451E-1,1.476234645E-1,-2.785426080E-1
4.863635750E0,5.267444253E-1,2.421944588E-1,-2.001108974E-1
4.873597750E0,4.478680789E-1,4.678166807E-1,-1.418265253E-1
4.883558750E0,4.055304825E-1,7.164771557E-1,-1.161174327E-1
4.893520750E0,4.294639230E-1,9.572747946E-1,-1.227044985E-1
4.903482750E0,4.772516787E-1,1.152977347E0,-1.479214281E-1
4.913443750E0,5.394276381E-1,1.306168437E0,-1.573782265E-1
4.923405750E0,6.053171754E-1,1.333698630E0,-1.309085339E-1
4.933366750E0,6.731942892E-1,1.252408743E0,-5.834615976E-2
4.943328750E0,7.253091335E-1,1.120739460E0,1.245157793E-2
4.953290750E0,7.600213289E-1,9.738247395E-1,9.028527141E-2
4.963251750E0,7.373998761E-1,8.101956248E-1,2.020506859E-1
4.973213750E0,6.113161445E-1,5.974835157E-1,3.531879187E-1
4.983174750E0,4.008840919E-1,2.853229642E-1,4.956752956E-1
4.993136750E0,1.564346999E-1,-1.317977309E-1,5.627846718E-1
5.003097750E0,-5.572044477E-2,-5.850639939E-1,5.484046340E-1
5.013059750E0,-1.733829826E-1,-9.932901859E-1,4.624851644E-1
5.023021750E0,-1.961623430E-1,-1.282993436E0,3.223253787E-1
5.032982750E0,-1.809114367E-1,-1.409639239E0,2.032075077E-1
5.042944750E0,-1.686382443E-1,-1.408467531E0,1.595873237E-1
5.052905750E0,-1.651011109E-1,-1.345291495E0,1.892100722E-1
5.062867750E0,-1.710759103E-1,-1.253517151E0,2.515411079E-1
5.072829750E0,-1.917629391E-1,-1.182745218E0,3.141163886E-1
5.082790750E0,-2.396233976E-1,-1.153965950E0,3.658104837E-1
5.092752750E0,-3.355020583E-1,-1.178647995E0,3.866348863E-1
5.102713750E0,-6.620569825E-1,-1.296666026E0,3.718732297E-1
5.112675750E0,-1.410552621E0,-1.515031099E0,3.272253275E-1
5.122637750E0,-2.568552494E0,-1.696950912E0,2.350730598E-1
5.132598750E0,-3.497095823E0,-1.433505654E0,1.519579589E-1
5.142560750E0,-3.978171110E0,-6.392761469E-1,3.189083338E-1
5.152521750E0,-4.978528976E0,3.811781704E-1,7.600055337E-1
5.162483750E0,-5.949962616E0,2.009153128E0,1.080759645E0
5.172445750E0,-3.699499607E0,4.533741951E0,7.206427455E-1
5.182406750E0,-1.208001852E0,2.904416561E0,4.638903439E-1
5.192368750E0,-4.830714464E-1,-1.444389224E-1,6.382720470E-1
5.202329750E0,-6.765825748E-1,-1.621445894E0,7.148429751E-1
5.212291750E0,-5.195978880E-1,-1.337933540E0,5.173420310E-1
5.222252750E0,-3.441720307E-1,-5.076878667E-1,2.035899311E-1
5.232214750E0,-5.314363837E-1,3.799428046E-1,-1.087806597E-1
5.242176750E0,-2.251105309E-1,9.444256425E-1,-2.768737972E-1
5.252137750E0,7.243084311E-1,8.947488070E-1,-3.775863945E-1
5.262099750E0,1.487023950E0,4.119996727E-1,-4.183575213E-1
5.272060750E0,1.695234060E0,-1.244475320E-2,-4.508672059E-1
5.282022750E0,1.443589568E0,-2.915933132E-1,-3.983829618E-1
5.291984750E0,1.130959749E0,-3.894916773E-1,-3.196426332E-1
5.301945750E0,1.166795731E0,-1.658819914E-1,-3.024279475E-1
5.311907750E0,1.410625935E0,2.338973582E-1,-3.423908353E-1
5.321868750E0,1.626416564E0,5.154013634E-1,-3.627577424E-1
5.331830750E0,1.830825806E0,6.051462293E-1,-3.481137455E-1
5.341792750E0,1.973695278E0,6.253212690E-1,-3.360373676E-1
5.351753750E0,1.962483287E0,7.014780045E-1,-4.050410092E-1
5.361715750E0,1.831930399E0,8.182592392E-1,-4.935833812E-1
5.371676750E0,1.647017717E0,8.888525963E-1,-5.476941466E-1
5.381638750E0,1.429164767E0,8.816362619E-1,-5.542052984E-1
5.391600750E0,1.202248335E0,8.130310774E-1,-5.329894423E-1
5.401561750E0,1.008620620E0,7.132219076E-1,-5.221029520E-1
5.411523750E0,8.531282544E-1,5.667456985E-1,-5.471433997E-1
5.421484750E0,7.029480934E-1,3.410811424E-1,-6.144132018E-1
5.431446750E0,5.486866236E-1,5.077328905E-2,-6.308524609E-1
5.441408750E0,4.477621317E-1,-2.399829179E-1,-5.716871619E-1
5.451369750E0,4.270205498E-1,-4.439406395E-1,-4.698770344E-1
5.461331750E0,4.751563966E-1,-5.333717465E-1,-3.624349833E-1
5.471292750E0,5.527267456E-1,-5.511535406E-1,-2.699907124E-1
5.481254750E0,6.209838390E-1,-5.291462541E-1,-1.853770316E-1
5.491215750E0,6.775190234E-1,-4.723784029E-1,-1.039389595E-1
5.501177750E0,7.356515527E-1,-4.066255093E-1,-8.492602967E-3
5.511139750E0,7.869781256E-1,-3.438557684E-1,9.460537136E-2
5.521100750E0,8.072125316E-1,-3.084005713E-1,1.994649470E-1
5.531062750E0,7.458476424E-1,-3.100182712E-1,3.032508790E-1
5.541023750E0,5.485095382E-1,-3.588060439E-1,4.179971814E-1
5.550985750E0,1.926610768E-1,-4.444930255E-1,5.436788797E-1
5.560947750E0,-2.820737660E-1,-5.629642606E-1,6.597208381E-1
5.570908750E0,-7.929073572E-1,-7.504803538E-1,7.340885401E-1
5.580870750E0,-1.237511396E0,-1.029099464E0,7.631583214E-1
5.590831750E0,-1.546911955E0,-1.363353491E0,7.980471849E-1
5.600793750E0,-1.692211866E0,-1.650602579E0,8.317731619E-1
5.610755750E0,-1.652989507E0,-1.772667646E0,8.546671867E-1
5.620716917E0,-1.451508641E0,-1.698560357E0,8.638580441E-1
5.630678917E0,-1.097251534E0,-1.482800126E0,8.430103064E-1
5.640639917E0,-6.870440841E-1,-1.171060562E0,7.609454989E-1
5.650601917E0,-3.295000196E-1,-8.244782686E-1,5.924048424E-1
5.660563917E0,-7.258435339E-2,-5.012006164E-1,4.373987019E-1
5.670524917E0,9.367875755E-2,-2.037099302E-1,3.466636240E-1
5.680486917E0,1.766423583E-1,8.283181489E-2,3.159307539E-1
5.690447917E0,1.223241389E-1,3.529274166E-1,2.989852428E-1
5.700409917E0,-9.545985460E-1,7.477759123E-1,2.876148820E-1
5.710371917E0,-2.693103790E0,1.047254324E0,1.573584080E-1
5.720332917E0,-3.100559950E0,9.834723473E-1,-2.503220439E-1
5.730294917E0,-2.966351986E0,9.383617640E-1,-3.303741515E-1
5.740255917E0,-2.934641123E0,1.460309625E0,8.726438135E-2
5.750217917E0,-2.025504351E0,1.299615026E0,5.394566655E-1
5.760179917E0,-4.434691370E-1,-9.426363111E-1,5.322251320E-1
5.770140917E0,2.289250195E-1,-2.880790949E0,2.874899209E-1
5.780102917E0,-4.066333175E-1,-3.319984913E0,1.834074706E-1
5.790063917E0,-1.103969574E0,-2.958993196E0,1.942988932E-1
5.800025917E0,-1.181200027E0,-1.662435293E0,1.270657927E-1
5.809987917E0,-6.640884280E-1,7.573220134E-1,-3.435222059E-2
5.819948917E0,5.990708619E-2,2.064514399E0,-2.328021973E-1
5.829910917E0,3.907058239E-1,1.579531670E0,-3.167783916E-1
5.839871917E0,5.847967267E-1,5.097608566E-1,-3.875583112E-1
5.849833917E0,7.445267439E-1,-1.727708578E-1,-4.342156053E-1
5.859795917E0,9.262816310E-1,-2.262210399E-1,-4.307835996E-1
5.869756917E0,1.156957626E0,6.094269827E-2,-3.787777722E-1
5.879718917E0,1.411313176E0,3.211929202E-1,-3.309346139E-1
5.889679917E0,1.545520902E0,4.492634833E-1,-2.819420993E-1
5.899641917E0,1.575543165E0,5.116128922E-1,-2.473537624E-1
5.909602917E0,1.697613358E0,6.213868260E-1,-2.760298550E-1
5.919564917E0,1.891943693E0,8.069564104E-1,-3.218753636E-1
5.929526917E0,1.984442949E0,9.981065989E-1,-3.303775787E-1
5.939487917E0,1.922093511E0,1.175138950E0,-3.622529507E-1
5.949449917E0,1.798899651E0,1.340967894E0,-4.117654860E-1
5.959410917E0,1.659005642E0,1.452379704E0,-4.228088260E-1
5.969372917E0,1.483634472E0,1.471523404E0,-4.494174421E-1
5.979334917E0,1.282610297E0,1.440691471E0,-4.777992666E-1
5.989295917E0,1.058320045E0,1.316002131E0,-5.016555190E-1
5.999257917E0,8.457906842E-1,1.074235320E0,-5.379530787E-1
6.009218917E0,6.779423952E-1,7.855519056E-1,-5.669430494E-1
6.019180917E0,5.580285192E-1,4.709135592E-1,-5.283892751E-1
6.029142917E0,5.467690825E-1,2.767658234E-1,-4.421753585E-1
6.039103917E0,6.225352287E-1,2.416235656E-1,-3.573275805E-1
6.049065917E0,7.289798856E-1,2.859159112E-1,-3.008757532E-1
6.059026917E0,8.126273751E-1,3.280687034E-1,-2.828709185E-1
6.068988917E0,8.471600413E-1,3.677656353E-1,-2.911620438E-1
6.078950917E0,8.607363105E-1,4.100411832E-1,-2.909082472E-1
6.088911917E0,8.640379906E-1,4.585568905E-1,-2.665990889E-1
6.098873917E0,8.571148515E-1,5.110520720E-1,-2.168506980E-1
6.108834917E0,8.468498588E-1,5.616941452E-1,-1.476096362E-1
6.118796917E0,8.118271232E-1,6.043273211E-1,-7.415433228E-2
6.128758917E0,7.325788140E-1,6.317908764E-1,-1.795817912E-2
6.138719917E0,4.675042331E-1,6.345669627E-1,-2.494551428E-2
6.148681917E0,9.410705417E-2,5.943299532E-1,-5.899786949E-2
6.158642917E0,-1.905390620E-1,4.824337959E-1,-5.832009017E-2
6.168604917E0,-3.406922221E-1,2.736585438E-1,-3.594014421E-2
6.178566917E0,-3.982236981E-1,-6.210113876E-3,-1.023904234E-2
6.188527917E0,-4.212522805E-1,-3.079473972E-1,1.251946855E-2
6.198489917E0,-4.376810789E-1,-5.756446123E-1,3.225242719E-2
6.208450917E0,-4.802751541E-1,-8.142009377E-1,6.163779646E-2
6.218412917E0,-5.852545500E-1,-1.044719100E0,1.252021194E-1
6.228374917E0,-7.606763840E-1,-1.260917664E0,2.297823131E-1
6.238335917E0,-9.727385640E-1,-1.445041180E0,3.695948124E-1
6.248297917E0,-1.185779214E0,-1.593660116E0,4.667597711E-1
6.258258917E0,-1.419137359E0,-1.676944613E0,4.967879653E-1
6.268220917E0,-2.008367538E0,-1.561453223E0,4.639035463E-1
6.278182917E0,-3.667716503E0,-9.804183245E-1,2.703468800E-1
6.288143917E0,-5.706302643E0,-2.620113268E-2,-2.166665196E-1
6.298105917E0,-5.659681320E0,-9.841966629E-2,-6.030256748E-1
6.308066917E0,-4.506684780E0,-7.890334129E-1,-6.966258287E-1
6.318028917E0,-3.299347162E0,-7.324276567E-1,-3.744445443E-1
6.327990917E0,-1.709142089E0,1.602901459E0,4.470516443E-1
6.337951917E0,-3.511953950E-1,3.223121405E0,1.275263667E0
6.347913917E0,-1.026418507E-1,1.959283113E0,1.850371242E0
6.357874917E0,-5.242806673E-1,-7.289874554E-1,1.882400990E0
6.367836917E0,-6.620869040E-1,-2.517975807E0,1.232530951E0
6.377798917E0,-6.147814393E-1,-2.483893871E0,4.043770432E-1
6.387759917E0,-6.946851611E-1,-7.805982828E-1,1.035018414E-1
6.397721917E0,-6.281135678E-1,7.707976699E-1,7.511653751E-2
6.407682917E0,-4.396078289E-1,1.055492401E0,2.124676406E-1
6.417644917E0,-2.517694831E-1,2.961091101E-1,4.105591476E-1
6.427606917E0,-1.995540410E-2,-3.501877487E-1,3.153539300E-1
6.437567917E0,3.881551325E-1,-1.925901622E-1,6.868528575E-2
6.447529917E0,8.893702626E-1,2.573033273E-1,-1.478264034E-1
6.457490917E0,1.202761173E0,4.868893921E-1,-2.369999588E-1
6.467452917E0,1.355650902E0,5.534855723E-1,-1.958436221E-1
6.477414917E0,1.470924735E0,6.047213078E-1,-6.506802887E-2
6.487375917E0,1.557716131E0,7.756814957E-1,4.472622648E-2
6.497337917E0,1.661098957E0,1.024342418E0,5.160171166E-2
6.507298917E0,1.751463532E0,1.309474230E0,-6.098052859E-2
6.517260917E0,1.802815199E0,1.476528406E0,-2.471807599E-1
6.527222917E0,1.800240517E0,1.422234058E0,-4.254765809E-1
6.537183917E0,1.724571228E0,1.159133434E0,-4.749498367E-1
6.547145917E0,1.625532866E0,7.723314762E-1,-4.190030992E-1
6.557106917E0,1.550770521E0,4.188854992E-1,-3.394731283E-1
6.567068917E0,1.483585358E0,1.565724164E-1,-3.079447746E-1
6.577030917E0,1.433188200E0,4.810319096E-2,-3.515865207E-1
6.586991917E0,1.305140972E0,-6.206134707E-2,-4.653250277E-1
6.596953917E0,1.132547617E0,-1.991685927E-1,-5.891023874E-1
6.606914917E0,9.986264706E-1,-2.594026029E-1,-6.547756195E-1
6.616877667E0,9.487433434E-1,-2.607480288E-1,-6.701074243E-1
6.626839667E0,9.671881199E-1,-2.075850070E-1,-6.452580690E-1
6.636800667E0,1.015923262E0,-1.303839684E-1,-5.857949853E-1
6.646762667E0,1.084494472E0,-6.164290756E-2,-4.993503094E-1
6.656723667E0,1.148828745E0,1.175141335E-2,-4.080007076E-1
6.666685667E0,1.186599851E0,1.212841123E-1,-3.391658962E-1
6.676647667E0,1.176784515E0,2.718752027E-1,-2.998405695E-1
6.686608667E0,1.132287979E0,4.297699928E-1,-2.692014873E-1
6.696570667E0,1.073446751E0,5.632803440E-1,-2.443158478E-1
6.706531667E0,1.009282231E0,6.369026303E-1,-2.187754214E-1
6.716493667E0,9.525417686E-1,6.677334905E-1,-1.923286319E-1
6.726455667E0,9.076082706E-1,6.509240270E-1,-1.520649344E-1
6.736416667E0,8.495076895E-1,5.705682039E-1,-9.357950836E-2
6.746378667E0,6.980234385E-1,3.715322912E-1,8.330298588E-3
6.756339667E0,2.602463663E-1,-1.828230359E-2,2.008768469E-1
6.766301667E0,-4.339900613E-1,-5.539371967E-1,4.887621403E-1
6.776263667E0,-1.034890056E0,-1.112597823E0,7.794318199E-1
6.786224667E0,-1.261900783E0,-1.651787639E0,9.362739921E-1
6.796186667E0,-1.108909130E0,-2.039428473E0,9.505994320E-1
6.806147667E0,-8.048869967E-1,-2.157584906E0,9.432682991E-1
6.816109667E0,-5.384773612E-1,-2.019319773E0,9.282938838E-1
6.826071667E0,-3.283905387E-1,-1.774597526E0,9.068366289E-1
6.836032667E0,-1.810341179E-1,-1.513231993E0,8.860709071E-1
6.845994667E0,-8.825594932E-2,-1.275958896E0,8.668225408E-1
6.855955667E0,-5.110006034E-2,-1.080656528E0,8.551877141E-1
6.865917667E0,-6.500492990E-2,-9.208405614E-1,8.439768553E-1
6.875879667E0,-1.413638890E-1,-7.817002535E-1,8.315913081E-1
6.885840667E0,-7.143747211E-1,-6.377229691E-1,7.503446937E-1
6.895802667E0,-3.423076153E0,-4.323479831E-1,3.028819561E-1
6.905763667E0,-6.988466263E0,-2.055069208E-1,-6.328048706E-1
6.915725667E0,-7.996495724E0,-3.095560968E-1,-1.193637490E0
6.925687667E0,-6.850825787E0,-8.921448886E-2,-6.995674372E-1
6.935648667E0,-3.761695623E0,3.634486675E0,-1.653128117E-1
6.945610667E0,-1.021322846E0,3.743611336E0,1.712631881E-1
6.955571667E0,-3.069786131E-1,2.945125103E-1,7.483419180E-1
6.965533667E0,-3.136119545E-1,-2.692736387E0,1.286600113E0
6.975495667E0,-2.659219503E-1,-3.439876318E0,1.121695042E0
6.985456667E0,-3.874529600E-1,-2.478179932E0,5.545905828E-1
6.995418667E0,-2.193941623E-1,-7.459419966E-1,8.701960742E-2
7.005379667E0,8.425974846E-2,3.927070498E-1,-6.118490547E-2
7.015341667E0,2.400328368E-1,5.838362575E-1,-2.492196858E-2
7.025303667E0,3.281783462E-1,3.729307055E-1,-5.518265814E-2
7.035264667E0,5.163815618E-1,2.315421402E-1,-1.824519336E-1
7.045226667E0,8.021126986E-1,3.271035850E-1,-2.877410352E-1
7.055187667E0,1.077466726E0,5.884613991E-1,-3.434338570E-1
7.065149667E0,1.331701040E0,8.251182437E-1,-3.701769710E-1
7.075111667E0,1.549505472E0,9.131724834E-1,-3.991788030E-1
7.085072667E0,1.754708409E0,8.151444793E-1,-4.179647267E-1
7.095034667E0,1.938206077E0,5.410865545E-1,-4.455873072E-1
7.104995667E0,2.017476320E0,3.767158687E-1,-4.494588673E-1
7.114957667E0,1.998404384E0,4.836255312E-1,-4.752020538E-1
7.124919667E0,1.912261724E0,7.760193348E-1,-5.141537189E-1
7.134880667E0,1.800825477E0,1.072777987E0,-5.220188498E-1
7.144842667E0,1.643439054E0,1.268957615E0,-5.061841607E-1
7.154803667E0,1.399024725E0,1.349604845E0,-5.234195590E-1
7.164765667E0,1.151318192E0,1.300684810E0,-5.522611737E-1
7.174727667E0,9.583326578E-1,1.129766107E0,-5.640371442E-1
7.184688667E0,8.271459341E-1,9.259753823E-1,-5.458132029E-1
7.194650667E0,7.231787443E-1,7.096170187E-1,-4.962336719E-1
7.204612667E0,6.106026173E-1,5.453937650E-1,-4.623725414E-1
7.214573667E0,4.880673885E-1,4.209850132E-1,-4.415112138E-1
7.224535667E0,3.741545081E-1,3.128510416E-1,-3.990293145E-1
7.234496667E0,3.043365479E-1,1.717852652E-1,-3.383462429E-1
7.244458667E0,3.076918125E-1,-2.095261216E-2,-2.600092292E-1
7.254420667E0,3.511846960E-1,-2.326922864E-1,-1.652441174E-1
7.264381667E0,4.198875129E-1,-4.235127270E-1,-6.866125017E-2
7.274343667E0,5.195357800E-1,-6.064415574E-1,1.338914596E-2
7.284304667E0,6.381121278E-1,-8.051229119E-1,7.026946545E-2
7.294266667E0,7.096976638E-1,-9.706934690E-1,1.212844476E-1
7.304228667E0,7.288971543E-1,-1.047487020E0,1.634858251E-1
7.314189667E0,7.166274190E-1,-1.035910249E0,1.927073598E-1
7.324151667E0,6.773855686E-1,-9.576309919E-1,2.104374617E-1
7.334112667E0,6.105916500E-1,-8.391357660E-1,2.262443900E-1
7.344074667E0,5.034019351E-1,-7.099577785E-1,2.418686748E-1
7.354036667E0,2.865079939E-1,-5.973209739E-1,2.794922292E-1
7.363997667E0,-2.095386237E-1,-5.321403742E-1,4.163019657E-1
7.373959667E0,-9.590924978E-1,-5.401237607E-1,6.688415408E-1
7.383920667E0,-1.638683558E0,-7.013959885E-1,9.320758581E-1
7.393882667E0,-2.066296577E0,-1.022810459E0,1.107481480E0
7.403844667E0,-2.215375662E0,-1.398269415E0,1.183018446E0
7.413805667E0,-2.173616409E0,-1.639498591E0,1.175235152E0
7.423767667E0,-2.012134790E0,-1.643202424E0,1.130111456E0
7.433728667E0,-1.725719333E0,-1.486499906E0,1.024439573E0
7.443690667E0,-1.359997988E0,-1.279174209E0,9.065673947E-1
7.453652667E0,-9.804850221E-1,-1.055988073E0,8.121013641E-1
7.463613667E0,-6.733925939E-1,-7.932204008E-1,7.301987410E-1
7.473575667E0,-4.500894845E-1,-4.918909073E-1,6.788716316E-1
7.483536667E0,-2.978230417E-1,-1.890442371E-1,6.486766934E-1
7.493498667E0,-1.461049676E0,7.979152203E-1,5.679914355E-1
7.503460667E0,-3.352246523E0,3.333304405E0,1.564194262E-1
7.513421667E0,-2.342007160E0,5.477303982E0,-6.436136365E-1
7.523383667E0,-7.554051876E-1,4.431963444E0,-2.718404233E-1
7.533344667E0,-2.257360704E-2,1.430167198E0,8.126764894E-1
7.543306667E0,-5.527611971E-1,-2.494904995E0,1.229715347E0
7.553268667E0,-1.059703827E0,-4.564538479E0,7.074566483E-1
7.563229667E0,-1.094535708E0,-3.528895855E0,2.622871101E-1
7.573191667E0,-9.908060431E-1,-1.260580659E0,-3.780001402E-2
7.583152667E0,-5.473884940E-1,5.817520022E-1,-1.727448255E-1
7.593114667E0,-7.071328908E-2,1.683803082E0,-1.333729178E-1
7.603076667E0,3.271235228E-1,1.889008880E0,-2.435639650E-1
7.613037667E0,6.853924394E-1,1.434140444E0,-4.218554199E-1
7.622998917E0,1.100208044E0,7.971857786E-1,-5.271811485E-1
7.632960917E0,1.434364796E0,2.967783511E-1,-6.101660728E-1
7.642921917E0,1.614434361E0,9.330218285E-2,-6.376541257E-1
7.652883917E0,1.647015572E0,1.909296811E-1,-7.089999318E-1
7.662844917E0,1.612857223E0,4.220197797E-1,-7.610808015E-1
7.672806917E0,1.657149911E0,6.138049364E-1,-7.374013066E-1
7.682768917E0,1.734832048E0,7.814164162E-1,-6.904099584E-1
7.692729917E0,1.749822974E0,9.550782442E-1,-6.781466603E-1
7.702691917E0,1.713247657E0,1.099546194E0,-6.970915794E-1
7.712652917E0,1.615629196E0,1.165375590E0,-7.567964792E-1
7.722614917E0,1.446895838E0,1.090465426E0,-8.699171543E-1
7.732576917E0,1.236034751E0,8.267482519E-1,-9.750483632E-1
7.742537917E0,1.052350402E0,5.238017440E-1,-1.011888385E0
7.752499917E0,9.027513862E-1,2.257740051E-1,-9.965472817E-1
7.762460917E0,8.072211146E-1,-2.345098555E-2,-9.332524538E-1
7.772422917E0,7.426199913E-1,-1.856082082E-1,-7.942879200E-1
7.782384917E0,6.294319630E-1,-1.521789432E-1,-6.452350616E-1
7.792345917E0,5.304893851E-1,-9.632367641E-2,-4.722587764E-1
7.802307917E0,5.673860312E-1,-2.023822218E-1,-2.802656591E-1
7.812268917E0,6.894232631E-1,-4.391268492E-1,-9.074446559E-2
7.822230917E0,8.163459301E-1,-6.156988740E-1,8.571294695E-2
7.832192917E0,9.404042363E-1,-7.156683207E-1,2.367557138E-1
7.842153917E0,1.046408296E0,-7.992337942E-1,3.701933920E-1
7.852115917E0,1.116125107E0,-8.640740514E-1,4.954993725E-1
7.862076917E0,1.141251683E0,-8.888099790E-1,6.072512865E-1
7.872038917E0,1.124558687E0,-8.727969527E-1,7.121196389E-1
7.882000917E0,1.068570495E0,-8.275315762E-1,8.205121160E-1
7.891961917E0,9.799439907E-1,-7.545771599E-1,9.334335923E-1
7.901923917E0,8.526977301E-1,-6.726954579E-1,1.036651492E0
7.911885917E0,6.554629803E-1,-6.532559991E-1,1.101824641E0
7.921846917E0,4.209920168E-1,-6.906455159E-1,1.138690114E0
7.931808917E0,1.786675304E-1,-7.605454922E-1,1.142117262E0
7.941769917E0,-4.533376172E-2,-8.120427132E-1,1.119666696E0
7.951731917E0,-2.643822134E-1,-8.250812888E-1,1.076439381E0
7.961693917E0,-7.338279486E-1,-7.895110250E-1,1.006747961E0
7.971654917E0,-1.308125854E0,-7.519708276E-1,9.240906239E-1
7.981616917E0,-1.704487324E0,-7.175145149E-1,8.229411840E-1
7.991577917E0,-1.858317375E0,-6.682372093E-1,7.126737833E-1
8.001539917E0,-1.814087749E0,-6.117937565E-1,6.124631166E-1
8.011501917E0,-1.596795440E0,-6.705920696E-1,5.019217134E-1
8.021462917E0,-1.320424080E0,-8.182275295E-1,3.467261493E-1
8.031424917E0,-1.144253612E0,-8.800690770E-1,1.664114892E-1
8.041385917E0,-1.009713650E0,-8.697924614E-1,2.422106639E-2
8.051347917E0,-9.506943226E-1,-8.487225771E-1,-9.099979699E-2
8.061309917E0,-1.311358690E0,-6.096715331E-1,-2.547795475E-1
8.071270917E0,-2.302360535E0,-9.972905740E-3,-4.888660908E-1
8.081232917E0,-3.174190998E0,6.522267461E-1,-7.161172628E-1
8.091194917E0,-3.712392092E0,1.187322617E0,-6.929680109E-1
8.101155917E0,-3.833022118E0,1.080906868E0,1.475556493E-1
8.111117917E0,-4.182565689E0,7.987985015E-1,1.582852125E0
8.121078917E0,-4.259208202E0,3.454221964E0,2.084763765E0
8.131040917E0,-1.513656139E0,5.263254166E0,1.228242636E0
8.141002917E0,-1.720458567E-1,8.881508112E-1,1.112022400E0
8.150963917E0,1.471086890E-1,-2.503674746E0,1.367297888E0
8.160925917E0,-5.497162342E-1,-3.327104330E0,1.389550924E0
8.170886917E0,-1.539050102E0,-2.037265539E0,8.701673746E-1
8.180848917E0,-1.051661611E0,7.241816521E-1,2.274045795E-1
8.190810917E0,1.691407412E-1,2.301153183E0,-2.220398039E-1
8.200771917E0,6.826143861E-1,1.928693414E0,-3.493206203E-1
8.210733917E0,8.941162229E-1,4.315449297E-1,-2.495612651E-1
8.220694917E0,1.334180355E0,-5.030680895E-1,-1.193647385E-1
8.230656917E0,1.602069020E0,-5.304893255E-1,-8.144105226E-2
8.240618917E0,1.597316265E0,-1.420122385E-1,-1.167509109E-1
8.250579917E0,1.648666263E0,2.762803435E-1,-1.933386326E-1
8.260541917E0,1.802896142E0,5.582829714E-1,-2.375088036E-1
8.270502917E0,1.926337838E0,7.101105452E-1,-2.199492455E-1
8.280464917E0,1.995245814E0,7.505892515E-1,-1.932100654E-1
8.290426917E0,2.087778330E0,7.461867929E-1,-1.783581376E-1
8.300387917E0,2.180015087E0,7.819220424E-1,-2.543630600E-1
8.310349917E0,2.174849987E0,8.208220005E-1,-3.892753422E-1
8.320311917E0,2.045719385E0,8.431558609E-1,-5.013580918E-1
8.330272917E0,1.830688357E0,8.576772809E-1,-5.909966230E-1
8.340234917E0,1.638780355E0,8.709917665E-1,-6.721983552E-1
8.350195917E0,1.472653747E0,8.943426609E-1,-7.765505910E-1
8.360157917E0,1.283194780E0,7.954814434E-1,-8.663700223E-1
8.370119917E0,1.090042591E0,6.006831527E-1,-9.426254034E-1
8.380080917E0,8.865510821E-1,2.790516913E-1,-9.334539771E-1
8.390042917E0,6.891762018E-1,-4.926500842E-3,-8.334392309E-1
8.400003917E0,5.239315629E-1,-1.880554408E-1,-6.797762513E-1
8.409965917E0,4.231669009E-1,-2.872920036E-1,-5.092271566E-1
8.419927917E0,4.149133563E-1,-3.035719097E-1,-3.566064537E-1
8.429888917E0,4.844599664E-1,-2.662381232E-1,-2.406154126E-1
8.439850917E0,6.040163636E-1,-2.271422446E-1,-1.647788286E-1
8.449811917E0,7.028234005E-1,-1.826610565E-1,-1.244782656E-1
8.459773917E0,7.699607015E-1,-1.586684138E-1,-9.884832054E-2
8.469735917E0,8.274477124E-1,-1.764588654E-1,-7.523220778E-2
8.479696917E0,8.713475466E-1,-2.327156216E-1,-4.378306121E-2
8.489658917E0,8.974966407E-1,-3.243776262E-1,-5.161102396E-3
8.499620917E0,9.034411907E-1,-4.237733781E-1,4.210130870E-2
8.509581917E0,8.787670135E-1,-4.989024699E-1,9.177245945E-2
8.519543917E0,7.858992219E-1,-5.325657725E-1,1.428463757E-1
8.529504917E0,3.378135562E-1,-6.764973998E-1,3.116868138E-1
8.539466917E0,-4.177022576E-1,-9.978688955E-1,6.084113717E-1
8.549428917E0,-1.028642893E0,-1.412585020E0,8.675949574E-1
8.559389917E0,-1.302046180E0,-1.798625946E0,1.015475631E0
8.569351917E0,-1.260018826E0,-1.980120659E0,1.056280136E0
8.579312917E0,-1.066285968E0,-1.917044401E0,1.045428634E0
8.589274917E0,-8.549918532E-1,-1.703352332E0,1.025733829E0
8.599236917E0,-7.007745504E-1,-1.442747593E0,9.821930528E-1
8.609197917E0,-6.163107753E-1,-1.194542885E0,9.255515933E-1
8.619160000E0,-5.774161220E-1,-9.775731564E-1,8.765320182E-1
8.629122000E0,-5.928581953E-1,-7.970015407E-1,8.163288832E-1
8.639083000E0,-9.174941182E-1,-5.605787635E-1,6.198520660E-1
8.649045000E0,-2.268529654E0,6.014972180E-2,1.000235453E-1
8.659006000E0,-5.294775009E0,1.901712418E0,-8.046196103E-1
8.668968000E0,-7.095068455E0,3.509650707E0,-1.528362751E0
8.678930000E0,-6.674355507E0,3.796598434E0,-1.763411999E0
8.688891000E0,-4.184378147E0,4.781370640E0,-1.254953861E0
8.698853000E0,-1.152485609E0,4.392853737E0,-2.281901389E-1
8.708814000E0,7.025285065E-2,1.144177437E0,1.037568331E0
8.718776000E0,-4.767877460E-1,-4.111076355E0,2.285226822E0
8.728738000E0,-2.036606371E-1,-6.892225742E0,2.513030529E0
8.738699000E0,5.644358397E-1,-6.562683582E0,1.773955107E0
8.748661000E0,3.004422784E-1,-3.676709414E0,5.549390912E-1
8.758623000E0,-7.534101009E-1,2.776793838E-1,-1.086271182E-1
8.768584000E0,-5.690242648E-1,1.957819223E0,-2.026979476E-1
8.778546000E0,1.589551754E-2,2.292122841E0,-1.141013280E-1
8.788507000E0,3.865825236E-1,1.938137889E0,1.425131224E-2
8.798469000E0,8.832446933E-1,8.591408730E-1,7.129653543E-2
8.808431000E0,1.427879214E0,1.011538431E-1,1.357695460E-1
8.818392000E0,1.557614803E0,4.206403345E-2,1.633680016E-1
8.828354000E0,1.459059238E0,3.343949616E-1,4.759532958E-2
8.838315000E0,1.487987876E0,6.948231459E-1,-1.388009787E-1
8.848277000E0,1.624365211E0,1.008229494E0,-2.243257314E-1
8.858239000E0,1.771401167E0,1.307465196E0,-1.680651009E-1
8.868200000E0,1.914651990E0,1.582676530E0,-1.077053472E-1
8.878162000E0,2.028960228E0,1.840069890E0,-1.065493375E-1
8.888123000E0,2.104559183E0,2.035847187E0,-1.504701972E-1
8.898085000E0,2.093657494E0,2.162534714E0,-1.910854578E-1
8.908047000E0,2.012566090E0,2.165825844E0,-2.390489876E-1
8.918008000E0,1.868656516E0,1.974825978E0,-3.209409416E-1
8.927970000E0,1.664577723E0,1.578553200E0,-4.673767090E-1
8.937932000E0,1.436618924E0,1.138612866E0,-6.009948850E-1
8.947893000E0,1.238389730E0,7.432692647E-1,-6.760078669E-1
8.957855000E0,1.104144335E0,4.666667879E-1,-7.073148489E-1
8.967816000E0,9.851801395E-1,2.172409892E-1,-7.549529672E-1
8.977778000E0,8.705927134E-1,-2.848895267E-2,-8.242551088E-1
8.987740000E0,7.697222829E-1,-1.951351911E-1,-8.676513433E-1
8.997701000E0,6.947665811E-1,-2.073241472E-1,-8.664696217E-1
9.007663000E0,6.431074142E-1,-9.977503866E-2,-8.586678505E-1
9.017625000E0,6.005603075E-1,5.415691808E-2,-8.478592634E-1
9.027586000E0,5.690767169E-1,2.010792643E-1,-8.390077353E-1
9.037548000E0,5.418606400E-1,3.099076450E-1,-8.379986882E-1
9.047509000E0,4.914510548E-1,3.369145095E-1,-8.302430511E-1
9.057471000E0,3.676209152E-1,2.876075804E-1,-7.967933416E-1
9.067433000E0,1.193064526E-1,1.753902137E-1,-6.837261319E-1
9.077394000E0,-2.127861530E-1,-6.143280771E-3,-4.770866632E-1
9.087356000E0,-5.620115399E-1,-2.991413474E-1,-1.973300874E-1
9.097317000E0,-9.119043946E-1,-6.614470482E-1,1.088823229E-1
9.107279000E0,-1.169698834E0,-1.077074528E0,3.326123357E-1
9.117241000E0,-1.214608192E0,-1.490005851E0,4.001968503E-1
9.127202000E0,-1.039746881E0,-1.676200509E0,3.858748972E-1
9.137164000E0,-7.948237658E-1,-1.600921273E0,3.617328107E-1
9.147126000E0,-5.973631740E-1,-1.424213529E0,3.531022966E-1
9.157087000E0,-4.600134790E-1,-1.240410566E0,3.548230231E-1
9.167049000E0,-3.596552014E-1,-1.074706078E0,3.552421927E-1
9.177010000E0,-2.891501188E-1,-9.284557700E-1,3.488305509E-1
9.186972000E0,-2.416031063E-1,-7.844357491E-1,3.313032091E-1
9.196934000E0,-2.259018719E-1,-6.104769707E-1,3.093756139E-1
9.206895000E0,-4.323833883E-1,-3.214494288E-1,2.605425715E-1
9.216857000E0,-1.419477224E0,3.551792204E-1,1.760104597E-1
9.226819000E0,-2.873741388E0,1.454011679E0,7.456799597E-2
9.236780000E0,-3.587558508E0,2.049119949E0,-6.388957798E-2
9.246742000E0,-3.191005230E0,1.647294521E0,-1.387624890E-1
9.256703000E0,-2.653454781E0,1.174442291E0,-1.257729232E-1
9.266665000E0,-2.686142445E0,9.041607380E-1,1.006847098E-1
9.276627000E0,-2.834635973E0,8.938669562E-1,8.175014853E-1
9.286588000E0,-1.692912102E0,7.725391984E-1,1.496085048E0
9.296550000E0,-3.307080865E-1,-6.635602117E-1,1.528181553E0
9.306511000E0,4.421226084E-1,-2.663721800E0,1.365249872E0
9.316473000E0,6.535026431E-1,-3.853047371E0,9.959268570E-1
9.326435000E0,3.006926179E-1,-3.800091267E0,4.691570401E-1
9.336396000E0,-8.906901479E-1,-2.428773642E0,1.890825182E-1
9.346358000E0,-1.555716872E0,-4.931438863E-1,7.869209349E-2
9.356320000E0,-1.231475234E0,1.105192304E0,-7.285048068E-2
9.366281000E0,-5.688929558E-1,2.157640219E0,-6.972020119E-2
9.376243000E0,-1.722747982E-1,1.901504159E0,4.853126407E-2
9.386204000E0,1.956169307E-1,2.248528451E-1,9.631742537E-2
9.396166000E0,9.266126752E-1,-1.083994627E0,5.974349380E-2
9.406128000E0,1.452112436E0,-1.104991078E0,1.465191506E-2
9.416089000E0,1.545516729E0,-5.108904839E-1,-3.522895277E-2
9.426051000E0,1.532533526E0,8.457449079E-2,-7.981187105E-2
9.436012000E0,1.568182349E0,5.303811431E-1,-9.213762730E-2
9.445974000E0,1.599920511E0,1.021497369E0,-5.308370292E-2
9.455936000E0,1.710462928E0,1.508656025E0,-1.581312343E-2
9.465897000E0,1.911055207E0,1.838482976E0,-2.631929331E-2
9.475859000E0,2.096605778E0,1.955686688E0,-9.872671217E-2
9.485821000E0,2.172150850E0,1.927202106E0,-1.903053671E-1
9.495782000E0,2.102614880E0,1.833093643E0,-2.636972070E-1
9.505744000E0,1.915506363E0,1.705060601E0,-3.388353586E-1
9.515705000E0,1.733319879E0,1.480228066E0,-4.022125006E-1
9.525667000E0,1.578904271E0,1.197588921E0,-4.518064260E-1
9.535629000E0,1.385579824E0,8.410586119E-1,-5.204452872E-1
9.545590000E0,1.071653843E0,4.399524331E-1,-6.363295913E-1
9.555552000E0,7.166628838E-1,3.713057563E-2,-7.424046993E-1
9.565514000E0,4.333558083E-1,-3.483068645E-1,-7.513316274E-1
9.575475000E0,2.462078482E-1,-6.059182286E-1,-6.803509593E-1
9.585437000E0,1.647880822E-1,-7.508983016E-1,-5.824515820E-1
9.595398000E0,1.871608496E-1,-8.246330619E-1,-4.872926474E-1
9.605360000E0,2.823259532E-1,-8.515048623E-1,-3.864025474E-1
9.615322125E0,4.001568556E-1,-8.381961584E-1,-3.171426356E-1
9.625283125E0,5.385067463E-1,-8.100252748E-1,-2.740409672E-1
9.635245125E0,6.648662686E-1,-7.657530904E-1,-2.384981513E-1
9.645207125E0,7.460159659E-1,-7.048407197E-1,-2.064315677E-1
9.655168125E0,8.042428493E-1,-6.434972882E-1,-1.613421738E-1
9.665130125E0,8.528287411E-1,-5.671418309E-1,-1.004814953E-1
9.675091125E0,8.832809329E-1,-4.595362544E-1,-2.681606449E-2
9.685053125E0,8.818662763E-1,-3.192651570E-1,4.802941531E-2
9.695015125E0,8.426528573E-1,-1.788135469E-1,1.184047535E-1
9.704976125E0,7.660062909E-1,-3.106936067E-2,1.804364324E-1
9.714938125E0,6.303704381E-1,7.377848029E-2,2.490972131E-1
9.724899125E0,2.387643307E-1,-2.515822090E-2,4.182713330E-1
9.734861125E0,-2.372265011E-1,-3.257898092E-1,6.178479791E-1
9.744823125E0,-5.431648493E-1,-6.868579984E-1,7.165614963E-1
9.754784125E0,-6.416881680E-1,-9.412486553E-1,7.241624594E-1
9.764746125E0,-6.007034779E-1,-9.923939109E-1,7.038651705E-1
9.774708125E0,-5.267402530E-1,-8.963438869E-1,6.949560642E-1
9.784669125E0,-4.647005796E-1,-7.390636802E-1,6.832181811E-1
9.794631125E0,-4.348939657E-1,-5.629779100E-1,6.550576687E-1
9.804592125E0,-4.363829494E-1,-3.795473576E-1,6.135312319E-1
9.814554125E0,-4.894104898E-1,-2.018666714E-1,5.539487004E-1
9.824516125E0,-1.064332724E0,-1.426084042E-1,5.031521320E-1
9.834477125E0,-2.614675760E0,-3.244753480E-1,4.961451590E-1
9.844439125E0,-4.054761887E0,-7.094994783E-1,4.522038102E-1
9.854401125E0,-4.863289833E0,-1.063260198E0,2.744591832E-1
9.864362125E0,-4.845542908E0,-1.247331142E0,1.350251138E-1
9.874324125E0,-4.807166100E0,-7.624530196E-1,3.025037050E-2
9.884285125E0,-4.481188297E0,2.708975554E0,-4.647867978E-1
9.894247125E0,-2.736392021E0,5.349421501E0,-5.198329687E-1
9.904209125E0,-1.991530895E0,2.621445179E0,2.758961022E-1
9.914170125E0,-1.576050997E0,-1.861578226E0,1.064926744E0
9.924132125E0,-8.302830458E-1,-4.025805473E0,1.244368196E0
9.934094125E0,-4.563614130E-1,-4.208133698E0,8.469250202E-1
9.944055125E0,-1.080658317E0,-2.918591738E0,3.329064548E-1
9.954017125E0,-1.721820474E0,-5.858030915E-1,9.339186549E-2
9.963978125E0,-1.064720869E0,1.685057878E0,6.000247970E-2
9.973940125E0,2.113895565E-1,2.891343355E0,-4.584678262E-2
9.983902125E0,9.464920759E-1,2.451258898E0,-9.988578409E-2
9.993863125E0,1.038574338E0,1.015201330E0,5.510872975E-2
1.000382513E1,1.403584599E0,-3.434020877E-1,1.774061471E-1
1.001378712E1,1.959903836E0,-9.904068112E-1,1.237344667E-1
1.002374813E1,2.185697317E0,-1.170802236E0,4.709012806E-3
1.003371012E1,2.147471428E0,-8.895100951E-1,-5.893811211E-2
1.004367113E1,2.060755730E0,-2.860886455E-1,-1.185646877E-1
1.005363312E1,2.000240803E0,4.310775399E-1,-1.677968800E-1
1.006359513E1,1.962046623E0,1.096141815E0,-2.115310431E-1
1.007355612E1,1.914039612E0,1.687183738E0,-2.937465906E-1
1.008351813E1,1.889323354E0,2.016552687E0,-3.575996161E-1
1.009347912E1,1.881134748E0,2.057008266E0,-4.423861504E-1
1.010344113E1,1.817141652E0,1.905713916E0,-6.263623834E-1
1.011340312E1,1.669205070E0,1.620345473E0,-7.922767401E-1
1.012336413E1,1.470300317E0,1.221824765E0,-8.889198899E-1
1.013332612E1,1.248305202E0,7.624974847E-1,-9.410465360E-1
1.014328813E1,1.024105072E0,3.161402643E-1,-9.800421596E-1
1.015324912E1,8.407361507E-1,-1.370048821E-1,-9.442543387E-1
1.016321113E1,7.098183036E-1,-5.005865693E-1,-8.260893822E-1
1.017317212E1,6.242619157E-1,-6.821384430E-1,-6.871849895E-1
1.018313412E1,5.648673177E-1,-7.280281782E-1,-5.644156933E-1
1.019309612E1,5.775985718E-1,-6.716772914E-1,-4.481164813E-1
1.020305712E1,6.778447628E-1,-5.857826471E-1,-3.343821764E-1
1.021301912E1,8.172579408E-1,-5.083352327E-1,-2.327367365E-1
1.022298112E1,9.441064596E-1,-4.181501865E-1,-1.405394226E-1
1.023294212E1,1.029429197E0,-3.244441748E-1,-6.350107491E-2
1.024290412E1,1.071496725E0,-2.125706375E-1,5.087576807E-3
1.025286612E1,1.071081519E0,-9.149549901E-2,6.197121739E-2
1.026282712E1,1.045054436E0,2.157885954E-2,1.112128049E-1
1.027278912E1,9.950773120E-1,1.219311059E-1,1.540237367E-1
1.028275012E1,9.239336252E-1,1.882329136E-1,1.898163557E-1
1.029271213E1,8.418127894E-1,2.268888205E-1,2.234673947E-1
1.030267412E1,7.489664555E-1,2.397428453E-1,2.499655783E-1
1.031263513E1,6.422594190E-1,2.297236919E-1,2.744216025E-1
1.032259712E1,3.994675577E-1,1.596676558E-1,3.281428814E-1
1.033255913E1,-2.550306022E-1,-1.055834293E-1,5.296459794E-1
1.034252012E1,-9.563061595E-1,-4.593327045E-1,7.371956706E-1
1.035248213E1,-1.459038734E0,-7.941402197E-1,8.576297164E-1
1.036244312E1,-1.689260960E0,-1.103617072E0,8.640272021E-1
1.037240513E1,-1.655217171E0,-1.418025494E0,7.758231163E-1
1.038236712E1,-1.434732437E0,-1.651349068E0,6.354929209E-1
1.039232813E1,-1.192467570E0,-1.705956817E0,5.036343336E-1
1.040229012E1,-1.008694768E0,-1.617128134E0,4.211745858E-1
1.041225213E1,-9.063466787E-1,-1.465592146E0,3.826413155E-1
1.042221312E1,-9.527389407E-1,-1.276210546E0,3.482055664E-1
1.043217513E1,-1.167561173E0,-1.014317155E0,3.095808625E-1
1.044213612E1,-1.735037088E0,-5.747104883E-1,2.475673109E-1
1.045209813E1,-2.659501553E0,1.044800207E-1,1.382078230E-1
1.046206012E1,-3.169472694E0,5.652284622E-1,4.637856781E-2
1.047202113E1,-3.923723459E0,1.260267258E0,-8.942446113E-2
1.048198312E1,-4.500707150E0,2.514806509E0,-1.569433212E-1
1.049194513E1,-3.313549519E0,3.228086710E0,1.929656975E-2
1.050190612E1,-9.781029820E-1,2.783340216E0,1.522559524E-1
1.051186813E1,3.798397779E-1,1.191076159E0,4.452061951E-1
1.052182912E1,1.312917322E-1,-5.936691761E-1,5.040453076E-1
1.053179113E1,-9.124147892E-1,-2.008433819E0,2.036830485E-1
1.054175312E1,-2.252409935E0,-2.776043892E0,1.822876185E-2
1.055171413E1,-2.315243483E0,-2.313528776E0,-4.264409654E-5
1.056167612E1,-1.154561758E0,-1.267918944E0,-1.182476990E-3
1.057163813E1,-2.306669950E-1,-5.500783399E-2,3.619603440E-2
1.058159912E1,8.005305380E-2,1.148558497E0,7.186428457E-2
1.059156113E1,2.303264290E-1,1.439473510E0,1.670417488E-1
1.060152212E1,5.201585293E-1,8.936352730E-1,1.598522812E-1
1.061148413E1,9.699406028E-1,3.754512668E-1,6.301234663E-2
1.062144575E1,1.341633201E0,3.058748543E-1,-9.463240951E-2
1.063140675E1,1.521433353E0,4.941829443E-1,-1.239642352E-1
1.064136875E1,1.573460340E0,6.581694484E-1,3.976797685E-2
1.065133075E1,1.562877655E0,7.675505280E-1,8.059684187E-2
1.066129175E1,1.573758841E0,8.659362197E-1,3.947607242E-3
1.067125375E1,1.706051350E0,9.032835960E-1,-8.161070198E-2
1.068121475E1,1.925234318E0,7.842014432E-1,-1.526124477E-1
1.069117675E1,2.042317152E0,5.487521887E-1,-1.787998080E-1
1.070113875E1,1.974554658E0,2.981614769E-1,-1.947087348E-1
1.071109975E1,1.839602113E0,7.806161791E-2,-2.202415019E-1
1.072106175E1,1.681066751E0,-7.431700081E-2,-2.430573255E-1
1.073102375E1,1.524637818E0,-1.198098436E-1,-2.776229382E-1
1.074098475E1,1.381415129E0,-3.218864650E-2,-3.355940878E-1
1.075094675E1,1.231275558E0,1.125140190E-1,-4.234013855E-1
1.076090775E1,1.099373460E0,2.668452859E-1,-5.222712159E-1
1.077086975E1,9.806447625E-1,3.578315973E-1,-6.043666601E-1
1.078083175E1,8.661573529E-1,3.542107642E-1,-6.458736658E-1
1.079079275E1,7.825058103E-1,2.533824444E-1,-6.667658687E-1
1.080075475E1,7.422287464E-1,9.787831455E-2,-6.681757569E-1
1.081071675E1,7.442537546E-1,-2.927335910E-2,-6.466920972E-1
1.082067775E1,7.783342600E-1,-9.784842283E-2,-5.846623182E-1
1.083063975E1,8.335580230E-1,-1.021724939E-1,-5.011164546E-1
1.084060075E1,8.934389353E-1,-4.489881545E-2,-4.159075916E-1
1.085056275E1,9.314187765E-1,3.001225553E-2,-3.432633877E-1
1.086052475E1,9.452264905E-1,1.175128147E-1,-2.815209329E-1
1.087048575E1,9.375502467E-1,1.957359314E-1,-2.294377983E-1
1.088044775E1,9.046959281E-1,2.310824692E-1,-1.782643646E-1
1.089040975E1,8.468963504E-1,2.420558929E-1,-1.268241853E-1
1.090037075E1,7.664798498E-1,2.445091903E-1,-7.647313178E-2
1.091033275E1,6.615557075E-1,2.251653820E-1,-2.230198681E-2
1.092029475E1,4.108489156E-1,1.367705464E-1,5.934573710E-2
1.093025575E1,-1.474924535E-1,-1.234872490E-1,2.378298938E-1
1.094021775E1,-8.526778221E-1,-5.636595488E-1,5.005304813E-1
1.095017875E1,-1.417543173E0,-1.157338023E0,7.670093179E-1
1.096014075E1,-1.684629202E0,-1.815091491E0,9.580951333E-1
1.097010275E1,-1.677535176E0,-2.321727037E0,1.017905116E0
1.098006375E1,-1.509022355E0,-2.493577003E0,9.933328629E-1
1.099002575E1,-1.264247537E0,-2.392690897E0,9.629322290E-1
1.099998775E1,-1.039414883E0,-2.188735008E0,9.244629145E-1
1.100994875E1,-9.049716592E-1,-1.979607821E0,8.616611958E-1
1.101991075E1,-1.023320913E0,-1.754414082E0,7.698804140E-1
1.102987175E1,-1.891544461E0,-1.332222104E0,6.210454106E-1
1.103983375E1,-3.832339287E0,-3.282007873E-1,3.417543471E-1
1.104979575E1,-5.207778454E0,6.488491893E-1,-2.654393204E-2
1.105975675E1,-5.311559677E0,1.030766964E0,-3.184735179E-1
1.106971875E1,-4.258275509E0,1.805153966E0,-5.636895299E-1
1.107968075E1,-1.725168586E0,3.352226496E0,-6.906642914E-1
1.108964175E1,2.045775205E-1,3.324198961E0,-5.817198008E-2
1.109960375E1,1.815044284E-1,1.199860334E0,1.241255403E0
1.110956475E1,-8.120163083E-1,-2.066060066E0,2.043838024E0
1.111952675E1,-6.450574398E-1,-3.545596600E0,1.478001118E0
1.112948875E1,-1.506360024E-1,-3.163142204E0,4.825414419E-1
1.113944975E1,-4.346142113E-1,-1.882957816E0,-3.486207426E-1
1.114941175E1,-1.064491034E0,-6.621336341E-1,-6.242345572E-1
1.115937375E1,-1.110061169E0,3.826380074E-1,-3.405769765E-1
1.116933475E1,-4.814406633E-1,1.290143251E0,1.359904259E-1
1.117929675E1,2.723191381E-1,1.407393694E0,1.371987015E-1
1.118925875E1,7.515561581E-1,9.762442112E-1,-5.306655541E-2
1.119921975E1,1.171033502E0,4.653646648E-1,-2.046222687E-1
1.120918175E1,1.588455439E0,2.411930561E-1,-2.746708989E-1
1.121914275E1,1.813031316E0,2.236742526E-1,-3.421322107E-1
1.122910475E1,1.824999809E0,3.789417744E-1,-3.283885419E-1
1.123906675E1,1.806450009E0,6.782919765E-1,-2.334161997E-1
1.124902775E1,1.886132598E0,1.024923682E0,-1.432034820E-1
1.125898975E1,2.061473846E0,1.416085839E0,-1.259150356E-1
1.126895175E1,2.250649214E0,1.776370168E0,-2.114929557E-1
1.127891275E1,2.397076368E0,1.976529598E0,-3.191272616E-1
1.128887475E1,2.393910646E0,2.072027206E0,-4.065062404E-1
1.129883575E1,2.256071568E0,2.050617218E0,-5.312572122E-1
1.130879775E1,2.032577276E0,1.869403124E0,-6.428101659E-1
1.131875975E1,1.803894758E0,1.591291070E0,-7.041469812E-1
1.132872075E1,1.627590179E0,1.291471124E0,-7.192661762E-1
1.133868275E1,1.452079415E0,9.383716583E-1,-7.471409440E-1
1.134864475E1,1.253229499E0,4.764261842E-1,-7.890906334E-1
1.135860575E1,1.076016188E0,-3.571725637E-2,-8.233138919E-1
1.136856775E1,9.412263036E-1,-4.819842875E-1,-8.124557137E-1
1.137852975E1,8.353110552E-1,-7.459008694E-1,-7.711210251E-1
1.138849075E1,7.701816559E-1,-7.796331644E-1,-7.365545034E-1
1.139845275E1,7.198180556E-1,-6.723493338E-1,-7.283921838E-1
1.140841375E1,6.624510288E-1,-5.093315840E-1,-7.239802480E-1
1.141837575E1,6.247566342E-1,-4.018263817E-1,-7.021431327E-1
1.142833775E1,6.148364544E-1,-3.576236963E-1,-6.490135193E-1
1.143829875E1,5.025176406E-1,-3.060475886E-1,-6.121260524E-1
1.144826075E1,1.116895527E-1,-1.554887891E-1,-6.189081073E-1
1.145822275E1,-5.307877064E-1,1.171115860E-1,-6.333203316E-1
1.146818375E1,-1.118566036E0,3.552986979E-1,-5.607632399E-1
1.147814575E1,-1.390492916E0,2.482888997E-1,-3.224175274E-1
1.148810675E1,-1.329681635E0,-2.763648927E-1,-3.003159724E-2
1.149806875E1,-1.092125535E0,-8.339991570E-1,2.031939328E-1
1.150803075E1,-8.093241453E-1,-1.115892172E0,3.722813427E-1
1.151799175E1,-5.811833739E-1,-1.149997473E0,4.556723535E-1
1.152795375E1,-4.332565069E-1,-1.032203913E0,4.726392329E-1
1.153791575E1,-3.424360752E-1,-8.619940281E-1,4.743210375E-1
1.154787675E1,-2.752980292E-1,-6.817967296E-1,4.806043208E-1
1.155783875E1,-2.047541142E-1,-5.088713169E-1,5.014123917E-1
1.156780075E1,-1.475192010E-1,-3.483143151E-1,5.175514817E-1
1.157776175E1,-1.070311666E-1,-2.056218684E-1,5.184825659E-1
1.158772375E1,-7.702136040E-2,-8.850643784E-2,5.053268671E-1
1.159768475E1,-5.645829439E-2,8.801624645E-4,4.968552887E-1
1.160764675E1,-5.193587020E-2,6.495472044E-2,4.879426956E-1
1.161760867E1,-2.005138844E-1,6.168009341E-2,5.164728165E-1
1.162756967E1,-1.250061035E0,-2.151635140E-1,6.460846066E-1
1.163753167E1,-3.469924212E0,-6.198058128E-1,6.160063148E-1
1.164749367E1,-4.051366806E0,-1.016309857E0,4.790859222E-1
1.165745467E1,-3.006236553E0,-1.698935509E0,5.603924990E-1
1.166741667E1,-1.813517451E0,-1.583485723E0,9.266380072E-1
1.167737867E1,-3.604333699E-1,8.151376247E-1,1.225913405E0
1.168733967E1,4.759084433E-2,1.697258353E0,1.385782123E0
1.169730167E1,1.336495727E-1,1.638884097E-1,1.734310746E0
1.170726267E1,-1.519401222E-1,-1.707222223E0,1.858569503E0
1.171722467E1,-3.582200408E-1,-2.472744942E0,1.744377375E0
1.172718667E1,-6.682384610E-1,-1.809338093E0,1.048470497E0
1.173714767E1,-1.505047560E0,-4.953587055E-2,1.620226949E-1
1.174710967E1,-1.714415193E0,1.735004067E0,-3.771046102E-1
1.175707167E1,-1.109283805E0,2.422486305E0,-6.670680046E-1
1.176703267E1,-5.809528828E-1,1.900983930E0,-6.045197248E-1
1.177699467E1,-5.098864436E-1,7.416027784E-1,-1.370803714E-1
1.178695667E1,-1.169339046E-1,-3.595169485E-1,3.661821485E-1
1.179691767E1,6.417679191E-1,-7.185443044E-1,2.830938995E-1
1.180687967E1,1.091784477E0,-5.089904666E-1,1.555959880E-2
1.181684067E1,1.148991585E0,-6.271786988E-2,-1.527796090E-1
1.182680267E1,1.171268463E0,4.844751954E-1,-2.010904104E-1
1.183676467E1,1.200689673E0,1.058971524E0,-1.730920672E-1
1.184672567E1,1.190717459E0,1.556070805E0,-9.875632823E-2
1.185668767E1,1.298153162E0,1.863803029E0,-1.494131796E-2
1.186664967E1,1.543076396E0,2.011316538E0,2.647737972E-3
1.187661067E1,1.795548081E0,2.068326473E0,-7.846070081E-2
1.188657267E1,1.971274376E0,1.991075277E0,-2.552089393E-1
1.189653467E1,2.024569273E0,1.747818112E0,-4.075220227E-1
1.190649567E1,1.978871942E0,1.380735636E0,-4.481663406E-1
1.191645767E1,1.857949495E0,9.949841499E-1,-4.052215219E-1
1.192641867E1,1.716862679E0,5.956037045E-1,-3.622650504E-1
1.193638067E1,1.526184320E0,5.640228093E-2,-4.086791575E-1
1.194634267E1,1.292234778E0,-5.991264582E-1,-5.180095434E-1
1.195630367E1,1.135695457E0,-1.213943601E0,-6.093876362E-1
1.196626567E1,1.065213323E0,-1.596007943E0,-5.845116973E-1
1.197622767E1,1.029827356E0,-1.679605603E0,-4.897964001E-1
1.198618867E1,1.030746341E0,-1.553222895E0,-4.154187739E-1
1.199615067E1,1.033025742E0,-1.273422718E0,-3.739395142E-1
1.200611267E1,9.894057512E-1,-9.084140062E-1,-3.486316800E-1
1.201607367E1,9.071511030E-1,-5.341038108E-1,-3.366972506E-1
1.202603567E1,8.214975595E-1,-1.690674722E-1,-3.193259835E-1
1.203599667E1,7.746253610E-1,9.385229647E-2,-2.899127007E-1
1.204595867E1,7.786183357E-1,2.097935081E-1,-2.297098637E-1
1.205592067E1,7.930878401E-1,2.898499966E-1,-1.537882090E-1
1.206588167E1,7.982565165E-1,3.731164038E-1,-7.992327958E-2
1.207584367E1,7.858000994E-1,4.782372415E-1,-3.104402917E-3
1.208580567E1,7.425194979E-1,5.891088843E-1,6.335207075E-2
1.209576667E1,6.219832301E-1,6.297358871E-1,1.284200251E-1
1.210572867E1,2.926585078E-1,4.953798950E-1,2.236716002E-1
1.211569067E1,-1.916753799E-1,1.530984193E-1,3.583476841E-1
1.212565167E1,-5.954713821E-1,-3.211384416E-1,4.241127968E-1
1.213561367E1,-7.766414285E-1,-7.972426414E-1,3.868346810E-1
1.214557567E1,-7.605248690E-1,-1.158642650E0,2.832400501E-1
1.215553667E1,-6.517475247E-1,-1.274113894E0,1.866650432E-1
1.216549867E1,-5.505580306E-1,-1.185151577E0,1.474204510E-1
1.217545967E1,-5.029535294E-1,-1.033541560E0,1.535081714E-1
1.218542167E1,-5.372951627E-1,-9.427299500E-1,1.920173615E-1
1.219538367E1,-7.700943351E-1,-9.814395308E-1,2.714805007E-1
1.220534467E1,-1.342191100E0,-1.143207550E0,3.430149257E-1
1.221530667E1,-2.233596325E0,-1.315760136E0,3.254276812E-1
1.222526867E1,-3.174704075E0,-1.298318744E0,2.175997347E-1
1.223522967E1,-3.860551596E0,-9.656909108E-1,9.404771775E-2
1.224519167E1,-4.293762684E0,-5.663625598E-1,-3.163502365E-2
1.225515367E1,-4.420227051E0,-2.058597803E-1,-1.134244278E-1
1.226511467E1,-3.788289547E0,-1.889328808E-1,5.671254545E-2
1.227507667E1,-2.995890856E0,-3.882591613E-3,4.276866317E-1
1.228503767E1,-3.299441814E0,3.442852259E0,3.793948889E-1
1.229499967E1,-3.324908733E0,6.410615444E0,2.565599233E-2
1.230496167E1,-2.480142593E0,4.086295128E0,1.066865548E-1
1.231492267E1,-1.104551792E0,-4.909381866E-1,3.948280811E-1
1.232488467E1,-1.908518225E-1,-3.395657301E0,6.583591700E-1
1.233484667E1,-2.236215211E-2,-4.424269199E0,8.594869375E-1
1.234480767E1,-3.213030100E-1,-3.730250120E0,9.077138305E-1
1.235476967E1,-5.555109978E-1,-1.880529404E0,6.354005933E-1
1.236473167E1,-4.049103558E-1,2.093922198E-1,1.435894668E-1
1.237469267E1,-1.896428019E-1,7.403846979E-1,-1.190530658E-1
1.238465467E1,-2.975807488E-1,1.130583324E-2,-1.110046506E-1
1.239461667E1,-3.590126932E-1,-7.819137573E-1,4.971871898E-2
1.240457767E1,-1.980160549E-2,-6.849597096E-1,1.070254967E-1
1.241453967E1,4.498181045E-1,9.118920192E-3,-4.612570256E-2
1.242450067E1,9.091845155E-1,5.278524756E-1,-1.866789907E-1
1.243446267E1,1.206941128E0,7.421714664E-1,-2.494614273E-1
1.244442467E1,1.427266717E0,8.983275294E-1,-2.583491504E-1
1.245438567E1,1.617117643E0,1.042580605E0,-2.556023598E-1
1.246434767E1,1.725512981E0,1.141261697E0,-2.776590884E-1
1.247430967E1,1.814822316E0,1.146792054E0,-3.164251149E-1
1.248427067E1,1.885876894E0,1.137900829E0,-3.590555787E-1
1.249423267E1,1.898360372E0,1.141845226E0,-4.003425539E-1
1.250419467E1,1.864735961E0,1.081223369E0,-4.426850080E-1
1.251415567E1,1.790094495E0,8.859161735E-1,-4.880234897E-1
1.252411767E1,1.679023862E0,5.929519534E-1,-5.146718621E-1
1.253407867E1,1.548681855E0,2.908523381E-1,-5.219321251E-1
1.254404067E1,1.440897346E0,5.649176612E-2,-5.271986127E-1
1.255400267E1,1.401540399E0,-5.931932945E-3,-5.303241014E-1
1.256396367E1,1.420171380E0,4.426394589E-3,-5.381684303E-1
1.257392567E1,1.424114823E0,-8.467566222E-3,-6.015226841E-1
1.258388767E1,1.351369739E0,-3.653446585E-2,-6.489281058E-1
1.259384867E1,1.235070586E0,-6.327340752E-2,-6.549854875E-1
1.260381067E1,1.134162903E0,-9.714843333E-2,-6.286786795E-1
1.261377267E1,1.070166826E0,-1.561696827E-1,-5.936434865E-1
1.262373400E1,1.025883913E0,-2.349967360E-1,-5.642305613E-1
1.263369600E1,9.869461060E-1,-2.826707959E-1,-5.479266644E-1
1.264365800E1,9.461941719E-1,-2.918332815E-1,-5.156636834E-1
1.265361900E1,9.281467199E-1,-3.070974648E-1,-4.588507414E-1
1.266358100E1,9.342886209E-1,-3.317885995E-1,-3.788008690E-1
1.267354200E1,9.553981423E-1,-3.630658388E-1,-2.759322822E-1
1.268350400E1,9.592558742E-1,-3.786870539E-1,-1.511098593E-1
1.269346600E1,9.017009735E-1,-3.762148619E-1,-1.417250931E-2
1.270342700E1,7.390409112E-1,-4.095522165E-1,1.368325502E-1
1.271338900E1,3.648550808E-1,-5.558274388E-1,3.421401680E-1
1.272335100E1,-2.436633110E-1,-8.186398149E-1,6.293371320E-1
1.273331200E1,-9.703584909E-1,-1.184784532E0,8.796846271E-1
1.274327400E1,-1.618157148E0,-1.615378976E0,1.039756179E0
1.275323600E1,-2.046489716E0,-2.076474190E0,1.125839829E0
1.276319700E1,-2.163603544E0,-2.411509991E0,1.200531244E0
1.277315900E1,-1.996957064E0,-2.420604467E0,1.252766728E0
1.278312100E1,-1.673331022E0,-2.181577921E0,1.219669223E0
1.279308200E1,-1.316009641E0,-1.877168179E0,1.124720097E0
1.280304400E1,-9.646559358E-1,-1.571492434E0,9.858881831E-1
1.281300600E1,-6.645084023E-1,-1.235370874E0,8.333921432E-1
1.282296700E1,-4.435242414E-1,-8.880659938E-1,6.776859760E-1
1.283292900E1,-2.989209890E-1,-5.196642876E-1,5.399606228E-1
1.284289000E1,-2.193696648E-1,-1.331912279E-1,4.450329542E-1
1.285285200E1,-6.927510500E-1,4.697601497E-1,2.760007679E-1
1.286281400E1,-2.008296490E0,1.511587620E0,4.257943854E-2
1.287277500E1,-3.681290150E0,2.668808699E0,-1.774397343E-1
1.288273700E1,-4.851916790E0,3.418831348E0,-4.953515828E-1
1.289269900E1,-4.058625221E0,3.848800898E0,-7.572522163E-1
1.290266000E1,-1.867721438E0,2.653453350E0,-1.706857532E-1
1.291262200E1,-6.448064744E-2,-9.919369966E-2,8.297285438E-1
1.292258400E1,6.024486423E-1,-2.384033918E0,1.557083607E0
1.293254500E1,-1.186959967E-1,-4.335042953E0,1.778929949E0
1.294250700E1,-6.339489222E-1,-4.714583874E0,1.231006742E0
1.295246900E1,-7.045469284E-1,-2.896287441E0,3.125733435E-1
1.296243000E1,-6.565471888E-1,-8.946005702E-1,-2.054772824E-1
1.297239200E1,-5.262958407E-1,5.532208681E-1,-2.056375295E-1
1.298235300E1,-4.980267286E-1,1.598352432E0,1.101247445E-1
1.299231500E1,-2.057855576E-1,1.898665667E0,2.419916838E-1
1.300227700E1,3.511920571E-1,1.512697935E0,1.199262515E-1
1.301223800E1,8.126177192E-1,9.308649302E-1,-1.349209547E-1
1.302220000E1,1.111206770E0,5.508554578E-1,-3.395127654E-1
1.303216200E1,1.386229753E0,4.816170335E-1,-3.758580089E-1
1.304212300E1,1.513446569E0,5.882693529E-1,-2.952066362E-1
1.305208500E1,1.530940413E0,7.654462457E-1,-1.705246270E-1
1.306204700E1,1.585260510E0,1.022018075E0,-7.573878765E-2
1.307200800E1,1.697075486E0,1.333436966E0,-6.918314844E-2
1.308197000E1,1.844949961E0,1.601053834E0,-1.203383878E-1
1.309193200E1,1.933009982E0,1.737437487E0,-1.801175624E-1
1.310189300E1,1.912390232E0,1.720914721E0,-2.114409506E-1
1.311185500E1,1.820565224E0,1.582086205E0,-2.481406480E-1
1.312181600E1,1.689780235E0,1.383312941E0,-2.813140452E-1
1.313177800E1,1.540159702E0,1.165863752E0,-3.119888604E-1
1.314174000E1,1.430248260E0,9.138711095E-1,-3.219275177E-1
1.315170100E1,1.383132100E0,7.086939812E-1,-3.335649967E-1
1.316166300E1,1.319918990E0,5.391290188E-1,-3.744441569E-1
1.317162500E1,1.182172298E0,3.206360936E-1,-4.678340256E-1
1.318158600E1,9.935690761E-1,8.236558735E-2,-5.690675974E-1
1.319154800E1,8.129982352E-1,-1.498740464E-1,-6.595447659E-1
1.320151000E1,6.681598425E-1,-3.684224784E-1,-7.411159277E-1
1.321147100E1,5.860921144E-1,-5.264142156E-1,-7.841909528E-1
1.322143300E1,5.815180540E-1,-6.096174717E-1,-7.778245807E-1
1.323139500E1,6.354217529E-1,-6.450372338E-1,-7.437449098E-1
1.324135600E1,7.023957372E-1,-6.469899416E-1,-7.017794251E-1
1.325131800E1,7.521046996E-1,-6.146663427E-1,-6.638776064E-1
1.326128000E1,7.651532292E-1,-5.414049029E-1,-6.340999603E-1
1.327124100E1,7.444005609E-1,-4.524792433E-1,-6.164282560E-1
1.328120300E1,6.869879961E-1,-3.443211615E-1,-6.020659208E-1
1.329116500E1,5.570284128E-1,-2.227396071E-1,-5.805933475E-1
1.330112600E1,2.658474147E-1,-1.005527228E-1,-5.223726630E-1
1.331108800E1,-1.402872801E-1,2.478589071E-3,-3.941201568E-1
1.332104900E1,-5.766751170E-1,4.247344285E-2,-2.057421952E-1
1.333101100E1,-9.562948346E-1,-2.685183287E-2,2.122590784E-3
1.334097300E1,-1.163088441E0,-2.345642447E-1,1.757881641E-1
1.335093400E1,-1.155088305E0,-5.645101666E-1,2.776716352E-1
1.336089600E1,-1.001980424E0,-8.235561252E-1,2.980551720E-1
1.337085800E1,-8.076003194E-1,-8.670322299E-1,2.892363966E-1
1.338081900E1,-6.411254406E-1,-7.896929979E-1,2.834303975E-1
1.339078100E1,-5.128127337E-1,-6.845684648E-1,2.877092957E-1
1.340074300E1,-4.211055338E-1,-5.774601102E-1,3.056433797E-1
1.341070400E1,-4.132100642E-1,-4.820558131E-1,3.325383663E-1
1.342066600E1,-9.347521067E-1,-4.469975233E-1,4.360105991E-1
1.343062800E1,-2.068595886E0,-4.677576423E-1,5.808860064E-1
1.344058900E1,-2.830709457E0,-3.956208527E-1,6.470639110E-1
1.345055100E1,-2.435142994E0,-2.724187374E-1,6.504349709E-1
1.346051300E1,-1.811872602E0,-8.720883727E-2,6.713156104E-1
1.347047400E1,-1.925212979E0,2.999258339E-1,7.235916257E-1
1.348043600E1,-2.852469683E0,1.020794034E0,9.130915403E-1
1.349039800E1,-1.872752666E0,1.979544282E0,1.075382233E0
1.350035900E1,-3.378459215E-1,2.022535086E0,1.283652067E0
1.351032100E1,1.714508682E-1,1.083728671E0,1.453790188E0
1.352028200E1,-4.311138690E-1,-1.938303411E-1,1.241820335E0
1.353024400E1,-9.725294709E-1,-8.571625352E-1,7.010679245E-1
1.354020600E1,-1.133544087E0,-9.628967643E-1,2.062240094E-1
1.355016700E1,-1.059750199E0,-7.949562669E-1,-1.031242535E-1
1.356012900E1,-9.055215120E-1,-4.289808869E-1,-1.771811545E-1
1.357009100E1,-6.400792003E-1,8.697327971E-2,-5.290181190E-2
1.358005200E1,-3.033724129E-1,4.638004303E-1,1.331738085E-1
1.359001400E1,-3.829442337E-2,4.951024354E-1,1.317231953E-1
1.359997600E1,2.113135308E-1,4.563802183E-1,-7.416835427E-2
1.360993700E1,7.492345572E-1,4.361537695E-1,-2.632093728E-1
1.361989925E1,1.218897820E0,3.705003262E-1,-4.072758555E-1
1.362986125E1,1.449593663E0,3.916889727E-1,-4.685924947E-1
1.363982225E1,1.493325353E0,5.207609534E-1,-4.192986786E-1
1.364978425E1,1.442374468E0,7.006201744E-1,-2.758216858E-1
1.365974625E1,1.422434092E0,9.160236120E-1,-1.777896434E-1
1.366970725E1,1.473176599E0,1.164674997E0,-2.198398858E-1
1.367966925E1,1.638327122E0,1.386334300E0,-3.758354485E-1
1.368963025E1,1.816484332E0,1.512386203E0,-5.355060697E-1
1.369959225E1,1.893628836E0,1.426740646E0,-5.996136069E-1
1.370955425E1,1.836364269E0,1.136524558E0,-6.126772165E-1
1.371951525E1,1.676927447E0,7.237522006E-1,-6.275708675E-1
1.372947725E1,1.501692533E0,2.957867682E-1,-6.231399179E-1
1.373943925E1,1.367060065E0,-4.469782114E-2,-5.950080752E-1
1.374940025E1,1.228440404E0,-3.865830004E-1,-6.105442047E-1
1.375936225E1,1.032367945E0,-8.029169440E-1,-6.970748901E-1
1.376932425E1,8.362485170E-1,-1.131123304E0,-7.329875827E-1
1.377928525E1,6.789106727E-1,-1.256405950E0,-6.634142995E-1
1.378924725E1,5.692736506E-1,-1.202103496E0,-5.267843008E-1
1.379920925E1,4.932477176E-1,-1.081758738E0,-3.925941288E-1
1.380917025E1,4.538720846E-1,-9.447947741E-1,-2.885779738E-1
1.381913225E1,4.365474582E-1,-8.153533936E-1,-2.192814350E-1
1.382909425E1,4.362308085E-1,-6.843612790E-1,-1.818371266E-1
1.383905525E1,4.570150971E-1,-5.505205989E-1,-1.483511031E-1
1.384901725E1,4.983630478E-1,-4.286498725E-1,-1.122783199E-1
1.385897925E1,5.577185750E-1,-3.300870061E-1,-6.317217648E-2
1.386894025E1,6.052139401E-1,-2.354688942E-1,-6.887597963E-3
1.387890225E1,6.200885773E-1,-1.303583682E-1,5.334865302E-2
1.388886425E1,5.946910977E-1,-2.509666234E-2,1.229618192E-1
1.389882525E1,5.090726614E-1,6.600407511E-2,2.085191607E-1
1.390878725E1,2.875834107E-1,8.640095592E-2,3.391621411E-1
1.391874925E1,-6.431283057E-2,-3.888886422E-2,4.946283698E-1
1.392871025E1,-4.316034913E-1,-3.376121819E-1,6.163451672E-1
1.393867225E1,-7.163664699E-1,-7.296918035E-1,6.816794276E-1
1.394863425E1,-8.648244143E-1,-1.098317266E0,6.755003929E-1
1.395859525E1,-8.790063858E-1,-1.333501935E0,6.078732610E-1
1.396855725E1,-8.114457130E-1,-1.381843925E0,5.367551446E-1
1.397851825E1,-7.354639769E-1,-1.283157229E0,4.970516562E-1
1.398848025E1,-6.829059720E-1,-1.135166168E0,4.898190498E-1
1.399844225E1,-6.619284749E-1,-9.995740652E-1,4.996442199E-1
1.400840325E1,-7.074152827E-1,-8.889844418E-1,5.100058317E-1
1.401836525E1,-9.244741797E-1,-8.336709142E-1,5.329560041E-1
1.402832725E1,-1.531778932E0,-9.147729874E-1,6.420505643E-1
1.403828825E1,-2.291052818E0,-1.082490563E0,7.439490557E-1
1.404825025E1,-2.731392145E0,-1.096377611E0,7.372860909E-1
1.405821225E1,-3.069021702E0,-8.651241064E-1,6.613606215E-1
1.406817325E1,-3.486796141E0,-5.668961629E-2,4.326776862E-1
1.407813525E1,-2.937689543E0,2.248790026E0,-2.340782434E-1
1.408809725E1,-2.335643530E0,3.897261858E0,-7.261656523E-1
1.409805825E1,-1.767244101E0,2.690910101E0,-2.909473479E-1
1.410802025E1,-9.989831448E-1,2.005890310E-1,5.964392424E-1
1.411798225E1,-6.361560225E-1,-1.789038777E0,1.127238393E0
1.412794325E1,-9.687251449E-1,-2.785298824E0,1.040724277E0
1.413790525E1,-1.458850980E0,-2.484829187E0,5.434282422E-1
1.414786725E1,-1.112011552E0,-1.421526313E0,2.840254307E-1
1.415782825E1,-5.452055931E-1,-7.844498754E-2,2.959219813E-1
1.416779025E1,-3.959726691E-1,1.039554000E0,2.634489834E-1
1.417775225E1,-3.794949055E-1,1.139564395E0,-7.723858580E-4
1.418771325E1,-4.844110459E-2,4.941997826E-1,-2.254904509E-1
1.419767525E1,2.037672102E-1,-1.663968563E-1,-2.004048973E-1
1.420763625E1,3.292718530E-1,-5.160041451E-1,-1.661462486E-1
1.421759825E1,6.684671044E-1,-3.742474020E-1,-2.191406339E-1
1.422756025E1,9.733961225E-1,-1.974206977E-2,-2.811392844E-1
1.423752125E1,1.013463020E0,2.327142209E-1,-3.348903060E-1
1.424748325E1,9.849007130E-1,4.313817620E-1,-3.630361855E-1
1.425744525E1,1.190721512E0,7.634650469E-1,-3.337232172E-1
1.426740625E1,1.453018427E0,1.126882434E0,-2.653830349E-1
1.427736825E1,1.579020262E0,1.394755006E0,-2.363350242E-1
1.428733025E1,1.561175823E0,1.561346650E0,-2.878341675E-1
1.429729125E1,1.532259226E0,1.622510552E0,-3.722462952E-1
1.430725325E1,1.545650363E0,1.585892320E0,-4.446216822E-1
1.431721525E1,1.553150177E0,1.441463113E0,-4.987587035E-1
1.432717625E1,1.530752420E0,1.208286524E0,-5.348538160E-1
1.433713825E1,1.491596341E0,9.361493587E-1,-5.796813965E-1
1.434710025E1,1.443568110E0,6.572929621E-1,-6.127961874E-1
1.435706125E1,1.375236511E0,4.000029564E-1,-6.265942454E-1
1.436702325E1,1.311301112E0,2.070124894E-1,-6.177698374E-1
1.437698525E1,1.202979445E0,1.922484301E-2,-5.919655561E-1
1.438694625E1,1.029081225E0,-1.916967183E-1,-5.899370313E-1
1.439690825E1,8.380247355E-1,-3.938445449E-1,-5.859093070E-1
1.440687025E1,6.969149709E-1,-5.317866802E-1,-5.210070014E-1
1.441683125E1,6.569298506E-1,-5.439798832E-1,-4.170570374E-1
1.442679325E1,7.080385685E-1,-4.122610092E-1,-2.984289229E-1
1.443675525E1,8.052961230E-1,-1.759789586E-1,-1.799238622E-1
1.444671625E1,8.815640211E-1,8.713549376E-2,-8.199330419E-2
1.445667825E1,9.141825438E-1,3.165633380E-1,-8.960431442E-4
1.446664025E1,9.022364020E-1,4.959333539E-1,6.288879365E-2
1.447660125E1,8.618097901E-1,6.161463857E-1,1.199345663E-1
1.448656325E1,7.880027294E-1,6.973773241E-1,1.726153642E-1
1.449652525E1,6.791170239E-1,7.535775304E-1,2.298386693E-1
1.450648625E1,5.181057453E-1,7.576540709E-1,2.979902923E-1
1.451644825E1,2.673962116E-1,6.733093858E-1,3.775126040E-1
1.452641025E1,-1.195147485E-1,4.448604584E-1,4.580910504E-1
1.453637125E1,-6.006167531E-1,4.937102646E-2,4.853411913E-1
1.454633325E1,-1.092303395E0,-4.288152456E-1,4.636992812E-1
1.455629525E1,-1.506343722E0,-9.422889948E-1,4.277031422E-1
1.456625625E1,-1.796791792E0,-1.467731237E0,4.118994176E-1
1.457621825E1,-1.924522758E0,-1.818294287E0,4.394490123E-1
1.458617925E1,-1.893343568E0,-1.905720234E0,4.749835432E-1
1.459614125E1,-1.735640049E0,-1.764218330E0,4.717724919E-1
1.460610325E1,-1.494790673E0,-1.505606532E0,4.493374825E-1
1.461606425E1,-1.226875186E0,-1.234480262E0,3.912614286E-1
1.462602625E1,-1.046060085E0,-9.440327287E-1,2.899790108E-1
1.463598825E1,-1.012752652E0,-5.840613842E-1,1.831482202E-1
1.464594925E1,-1.115776181E0,-1.266272366E-1,1.065288186E-1
1.465591125E1,-1.357211471E0,4.254053235E-1,5.975332484E-2
1.466587325E1,-1.817360401E0,9.704473019E-1,3.191876411E-2
1.467583425E1,-2.179272175E0,1.459112644E0,1.353157312E-2
1.468579625E1,-2.167937756E0,1.695243239E0,-1.165687107E-2
1.469575825E1,-1.908449888E0,1.224163532E0,2.661195695E-1
1.470571925E1,-1.246152282E0,-8.424965292E-2,9.702721238E-1
1.471568125E1,-4.708452225E-1,-1.452754617E0,1.605091095E0
1.472564325E1,-3.507252038E-1,-2.373516083E0,1.713761687E0
1.473560425E1,-6.095151305E-1,-2.344466686E0,1.129386544E0
1.474556625E1,-4.126952589E-1,-1.691199303E0,2.418937534E-1
1.475552825E1,-2.646877468E-1,-8.741423488E-1,-2.859214246E-1
1.476548925E1,-5.729161501E-1,6.856842339E-2,-2.226649672E-1
1.477545125E1,-6.985778213E-1,9.825690985E-1,3.029789031E-2
1.478541325E1,-3.896588087E-1,1.503996730E0,1.374126375E-1
1.479537425E1,-1.688461564E-2,9.669626951E-1,-8.039651066E-2
1.480533625E1,3.192656934E-1,-1.095272824E-1,-3.788063526E-1
1.481529825E1,6.614181399E-1,-6.456193924E-1,-5.402902961E-1
1.482525925E1,9.638600349E-1,-4.548042119E-1,-5.268389583E-1
1.483522125E1,1.048524141E0,7.140141726E-2,-4.235563278E-1
1.484518325E1,1.048108220E0,6.258094907E-1,-2.955560088E-1
1.485514425E1,1.072317719E0,1.160290718E0,-2.062591910E-1
1.486510625E1,1.139238715E0,1.643250704E0,-1.960456967E-1
1.487506825E1,1.290595651E0,2.018569469E0,-2.580868900E-1
1.488502925E1,1.557838798E0,2.190242529E0,-3.660431802E-1
1.489499125E1,1.776485562E0,2.152293205E0,-4.841730297E-1
1.490495325E1,1.858974576E0,1.888352156E0,-5.497426987E-1
1.491491425E1,1.861707687E0,1.468165040E0,-5.811423659E-1
1.492487625E1,1.810297251E0,1.086410999E0,-5.814939141E-1
1.493483825E1,1.732128859E0,8.593534231E-1,-5.394455194E-1
1.494479925E1,1.637952328E0,7.596486807E-1,-4.898649156E-1
1.495476125E1,1.548488498E0,7.404392362E-1,-4.483030736E-1
1.496472325E1,1.469252467E0,7.508156896E-1,-4.061694741E-1
1.497468425E1,1.349933743E0,7.052357197E-1,-4.155057371E-1
1.498464625E1,1.180632353E0,5.673729777E-1,-4.486705959E-1
1.499460825E1,9.812035561E-1,3.453020751E-1,-4.442662299E-1
1.500456925E1,8.061499596E-1,9.191189706E-2,-3.821637332E-1
1.501453125E1,6.866633296E-1,-1.278880090E-1,-2.837961018E-1
1.502449325E1,6.406450272E-1,-2.487545162E-1,-1.917079687E-1